type,x,y
curve,-1.83697e-16,-2
curve,-0.0117809,-1.99997
curve,-0.023561,-1.99988
curve,-0.0353396,-1.99972
curve,-0.0471161,-1.99951
curve,-0.0588897,-1.99923
curve,-0.0706597,-1.99889
curve,-0.0824253,-1.99849
curve,-0.0941858,-1.99803
curve,-0.10594,-1.9975
curve,-0.117689,-1.99692
curve,-0.12943,-1.99627
curve,-0.141162,-1.99556
curve,-0.152887,-1.99479
curve,-0.164601,-1.99396
curve,-0.176306,-1.99307
curve,-0.188,-1.99211
curve,-0.199682,-1.9911
curve,-0.211352,-1.99002
curve,-0.223009,-1.98889
curve,-0.234652,-1.98769
curve,-0.24628,-1.98643
curve,-0.257894,-1.98511
curve,-0.269491,-1.98373
curve,-0.281072,-1.98229
curve,-0.292635,-1.98079
curve,-0.304181,-1.97922
curve,-0.315708,-1.9776
curve,-0.327215,-1.97592
curve,-0.338702,-1.97417
curve,-0.350168,-1.97237
curve,-0.361613,-1.97051
curve,-0.373035,-1.96858
curve,-0.384434,-1.9666
curve,-0.39581,-1.96456
curve,-0.407161,-1.96246
curve,-0.418487,-1.96029
curve,-0.429787,-1.95807
curve,-0.44106,-1.95579
curve,-0.452307,-1.95345
curve,-0.463525,-1.95106
curve,-0.474715,-1.9486
curve,-0.485876,-1.94609
curve,-0.497007,-1.94351
curve,-0.508107,-1.94088
curve,-0.519176,-1.93819
curve,-0.530212,-1.93544
curve,-0.541216,-1.93264
curve,-0.552187,-1.92978
curve,-0.563123,-1.92686
curve,-0.574025,-1.92388
curve,-0.584892,-1.92085
curve,-0.595722,-1.91775
curve,-0.606515,-1.91461
curve,-0.617272,-1.9114
curve,-0.62799,-1.90814
curve,-0.638669,-1.90483
curve,-0.649309,-1.90146
curve,-0.659909,-1.89803
curve,-0.670468,-1.89454
curve,-0.680986,-1.89101
curve,-0.691462,-1.88741
curve,-0.701895,-1.88377
curve,-0.712285,-1.88006
curve,-0.722631,-1.87631
curve,-0.732932,-1.8725
curve,-0.743188,-1.86863
curve,-0.753398,-1.86471
curve,-0.763562,-1.86074
curve,-0.773679,-1.85672
curve,-0.783748,-1.85264
curve,-0.793769,-1.84851
curve,-0.80374,-1.84433
curve,-0.813662,-1.84009
curve,-0.823534,-1.83581
curve,-0.833355,-1.83147
curve,-0.843125,-1.82708
curve,-0.852843,-1.82264
curve,-0.862508,-1.81815
curve,-0.87212,-1.81361
curve,-0.881678,-1.80902
curve,-0.891182,-1.80438
curve,-0.90063,-1.79968
curve,-0.910024,-1.79494
curve,-0.919361,-1.79016
curve,-0.928641,-1.78532
curve,-0.937864,-1.78043
curve,-0.947029,-1.7755
curve,-0.956136,-1.77051
curve,-0.965184,-1.76548
curve,-0.974172,-1.76041
curve,-0.9831,-1.75528
curve,-0.991968,-1.75011
curve,-1.00077,-1.74489
curve,-1.00952,-1.73963
curve,-1.0182,-1.73432
curve,-1.02682,-1.72897
curve,-1.03538,-1.72357
curve,-1.04387,-1.71813
curve,-1.0523,-1.71264
curve,-1.06066,-1.70711
curve,-1.06896,-1.70153
curve,-1.07719,-1.69591
curve,-1.08535,-1.69025
curve,-1.09345,-1.68455
curve,-1.10148,-1.6788
curve,-1.10945,-1.67301
curve,-1.11734,-1.66718
curve,-1.12517,-1.66131
curve,-1.13292,-1.6554
curve,-1.14061,-1.64945
curve,-1.14822,-1.64346
curve,-1.15577,-1.63742
curve,-1.16324,-1.63135
curve,-1.17065,-1.62524
curve,-1.17798,-1.61909
curve,-1.18523,-1.61291
curve,-1.19242,-1.60668
curve,-1.19953,-1.60042
curve,-1.20656,-1.59412
curve,-1.21353,-1.58779
curve,-1.22041,-1.58141
curve,-1.22722,-1.57501
curve,-1.23396,-1.56856
curve,-1.24062,-1.56208
curve,-1.2472,-1.55557
curve,-1.25371,-1.54902
curve,-1.26014,-1.54244
curve,-1.26649,-1.53583
curve,-1.27277,-1.52918
curve,-1.27896,-1.5225
curve,-1.28508,-1.51579
curve,-1.29111,-1.50904
curve,-1.29707,-1.50227
curve,-1.30295,-1.49546
curve,-1.30874,-1.48862
curve,-1.31446,-1.48175
curve,-1.32009,-1.47486
curve,-1.32565,-1.46793
curve,-1.33112,-1.46097
curve,-1.33651,-1.45399
curve,-1.34182,-1.44698
curve,-1.34704,-1.43994
curve,-1.35218,-1.43287
curve,-1.35724,-1.42578
curve,-1.36221,-1.41866
curve,-1.3671,-1.41151
curve,-1.37191,-1.40434
curve,-1.37663,-1.39715
curve,-1.38127,-1.38993
curve,-1.38582,-1.38268
curve,-1.39028,-1.37542
curve,-1.39466,-1.36812
curve,-1.39896,-1.36081
curve,-1.40317,-1.35347
curve,-1.40729,-1.34612
curve,-1.41132,-1.33874
curve,-1.41527,-1.33134
curve,-1.41913,-1.32392
curve,-1.4229,-1.31648
curve,-1.42658,-1.30902
curve,-1.43018,-1.30154
curve,-1.43369,-1.29404
curve,-1.43711,-1.28652
curve,-1.44044,-1.27899
curve,-1.44368,-1.27144
curve,-1.44684,-1.26387
curve,-1.4499,-1.25629
curve,-1.45287,-1.24869
curve,-1.45576,-1.24108
curve,-1.45855,-1.23345
curve,-1.46126,-1.2258
curve,-1.46388,-1.21814
curve,-1.4664,-1.21047
curve,-1.46883,-1.20279
curve,-1.47118,-1.19509
curve,-1.47343,-1.18738
curve,-1.47559,-1.17966
curve,-1.47766,-1.17193
curve,-1.47964,-1.16419
curve,-1.48153,-1.15643
curve,-1.48333,-1.14867
curve,-1.48504,-1.1409
curve,-1.48665,-1.13312
curve,-1.48817,-1.12533
curve,-1.4896,-1.11754
curve,-1.49094,-1.10973
curve,-1.49219,-1.10192
curve,-1.49334,-1.09411
curve,-1.49441,-1.08629
curve,-1.49538,-1.07846
curve,-1.49625,-1.07063
curve,-1.49704,-1.06279
curve,-1.49773,-1.05495
curve,-1.49833,-1.04711
curve,-1.49884,-1.03926
curve,-1.49926,-1.03141
curve,-1.49958,-1.02356
curve,-1.49981,-1.01571
curve,-1.49995,-1.00785
curve,-1.5,-1
curve,-1.49995,-0.992146
curve,-1.49981,-0.984293
curve,-1.49958,-0.97644
curve,-1.49926,-0.968589
curve,-1.49884,-0.96074
curve,-1.49833,-0.952894
curve,-1.49773,-0.94505
curve,-1.49704,-0.937209
curve,-1.49625,-0.929373
curve,-1.49538,-0.921541
curve,-1.49441,-0.913714
curve,-1.49334,-0.905892
curve,-1.49219,-0.898076
curve,-1.49094,-0.890266
curve,-1.4896,-0.882463
curve,-1.48817,-0.874667
curve,-1.48665,-0.866879
curve,-1.48504,-0.859099
curve,-1.48333,-0.851328
curve,-1.48153,-0.843566
curve,-1.47964,-0.835813
curve,-1.47766,-0.828071
curve,-1.47559,-0.820339
curve,-1.47343,-0.812619
curve,-1.47118,-0.80491
curve,-1.46883,-0.797213
curve,-1.4664,-0.789528
curve,-1.46388,-0.781857
curve,-1.46126,-0.774199
curve,-1.45855,-0.766555
curve,-1.45576,-0.758925
curve,-1.45287,-0.75131
curve,-1.4499,-0.743711
curve,-1.44684,-0.736127
curve,-1.44368,-0.72856
curve,-1.44044,-0.721009
curve,-1.43711,-0.713475
curve,-1.43369,-0.70596
curve,-1.43018,-0.698462
curve,-1.42658,-0.690983
curve,-1.4229,-0.683523
curve,-1.41913,-0.676083
curve,-1.41527,-0.668662
curve,-1.41132,-0.661262
curve,-1.40729,-0.653883
curve,-1.40317,-0.646525
curve,-1.39896,-0.639189
curve,-1.39466,-0.631875
curve,-1.39028,-0.624584
curve,-1.38582,-0.617317
curve,-1.38127,-0.610072
curve,-1.37663,-0.602852
curve,-1.37191,-0.595656
curve,-1.3671,-0.588486
curve,-1.36221,-0.58134
curve,-1.35724,-0.574221
curve,-1.35218,-0.567127
curve,-1.34704,-0.560061
curve,-1.34182,-0.553021
curve,-1.33651,-0.54601
curve,-1.33112,-0.539026
curve,-1.32565,-0.53207
curve,-1.32009,-0.525144
curve,-1.31446,-0.518246
curve,-1.30874,-0.511379
curve,-1.30295,-0.504541
curve,-1.29707,-0.497734
curve,-1.29111,-0.490959
curve,-1.28508,-0.484214
curve,-1.27896,-0.477501
curve,-1.27277,-0.470821
curve,-1.26649,-0.464173
curve,-1.26014,-0.457558
curve,-1.25371,-0.450977
curve,-1.2472,-0.44443
curve,-1.24062,-0.437917
curve,-1.23396,-0.431438
curve,-1.22722,-0.424995
curve,-1.22041,-0.418587
curve,-1.21353,-0.412215
curve,-1.20656,-0.405879
curve,-1.19953,-0.39958
curve,-1.19242,-0.393318
curve,-1.18523,-0.387093
curve,-1.17798,-0.380906
curve,-1.17065,-0.374757
curve,-1.16324,-0.368647
curve,-1.15577,-0.362576
curve,-1.14822,-0.356544
curve,-1.14061,-0.350552
curve,-1.13292,-0.3446
curve,-1.12517,-0.338689
curve,-1.11734,-0.332818
curve,-1.10945,-0.326989
curve,-1.10148,-0.321201
curve,-1.09345,-0.315455
curve,-1.08535,-0.309751
curve,-1.07719,-0.30409
curve,-1.06896,-0.298473
curve,-1.06066,-0.292898
curve,-1.0523,-0.287368
curve,-1.04387,-0.281882
curve,-1.03538,-0.276441
curve,-1.02682,-0.271045
curve,-1.0182,-0.265695
curve,-1.00952,-0.260391
curve,-1.00077,-0.255134
curve,-0.991968,-0.249924
curve,-0.9831,-0.244762
curve,-0.974172,-0.239649
curve,-0.965184,-0.234585
curve,-0.956136,-0.229572
curve,-0.947029,-0.22461
curve,-0.937864,-0.2197
curve,-0.928641,-0.214845
curve,-0.919361,-0.210044
curve,-0.910024,-0.2053
curve,-0.90063,-0.200615
curve,-0.891182,-0.195991
curve,-0.881678,-0.19143
curve,-0.87212,-0.186935
curve,-0.862508,-0.18251
curve,-0.852843,-0.178158
curve,-0.843125,-0.173884
curve,-0.833355,-0.169693
curve,-0.823534,-0.16559
curve,-0.813662,-0.161581
curve,-0.80374,-0.157675
curve,-0.793769,-0.153879
curve,-0.783748,-0.150203
curve,-0.773679,-0.146658
curve,-0.763562,-0.143255
curve,-0.753398,-0.140007
curve,-0.743188,-0.136931
curve,-0.732932,-0.134042
curve,-0.722631,-0.13136
curve,-0.712285,-0.128903
curve,-0.701895,-0.126696
curve,-0.691462,-0.124763
curve,-0.680986,-0.12313
curve,-0.670468,-0.121827
curve,-0.659909,-0.120887
curve,-0.649309,-0.120342
curve,-0.638669,-0.120231
curve,-0.62799,-0.120592
curve,-0.617272,-0.121468
curve,-0.606515,-0.122903
curve,-0.595722,-0.124943
curve,-0.584892,-0.127638
curve,-0.574025,-0.131038
curve,-0.563123,-0.135195
curve,-0.552187,-0.140163
curve,-0.541216,-0.145997
curve,-0.530212,-0.152752
curve,-0.519176,-0.160484
curve,-0.508107,-0.169246
curve,-0.497007,-0.179092
curve,-0.485876,-0.190074
curve,-0.474715,-0.202241
curve,-0.463525,-0.215637
curve,-0.452307,-0.230304
curve,-0.44106,-0.246277
curve,-0.429787,-0.263586
curve,-0.418487,-0.282255
curve,-0.407161,-0.302297
curve,-0.39581,-0.323719
curve,-0.384434,-0.346517
curve,-0.373035,-0.370677
curve,-0.361613,-0.396174
curve,-0.350168,-0.42297
curve,-0.338702,-0.451016
curve,-0.327215,-0.480249
curve,-0.315708,-0.510592
curve,-0.304181,-0.541957
curve,-0.292635,-0.57424
curve,-0.281072,-0.607325
curve,-0.269491,-0.641082
curve,-0.257894,-0.67537
curve,-0.24628,-0.710034
curve,-0.234652,-0.744909
curve,-0.223009,-0.779821
curve,-0.211352,-0.814586
curve,-0.199682,-0.849014
curve,-0.188,-0.882908
curve,-0.176306,-0.916067
curve,-0.164601,-0.94829
curve,-0.152887,-0.979374
curve,-0.141162,-1.00912
curve,-0.12943,-1.03733
curve,-0.117689,-1.06381
curve,-0.10594,-1.08838
curve,-0.0941858,-1.11087
curve,-0.0824253,-1.13112
curve,-0.0706597,-1.14898
curve,-0.0588897,-1.16432
curve,-0.0471161,-1.17704
curve,-0.0353396,-1.18703
curve,-0.023561,-1.19422
curve,-0.0117809,-1.19855
curve,6.66134e-16,-1.2
curve,0.0117809,-1.19855
curve,0.023561,-1.19422
curve,0.0353396,-1.18703
curve,0.0471161,-1.17704
curve,0.0588897,-1.16432
curve,0.0706597,-1.14898
curve,0.0824253,-1.13112
curve,0.0941858,-1.11087
curve,0.10594,-1.08838
curve,0.117689,-1.06381
curve,0.12943,-1.03733
curve,0.141162,-1.00912
curve,0.152887,-0.979374
curve,0.164601,-0.94829
curve,0.176306,-0.916067
curve,0.188,-0.882908
curve,0.199682,-0.849014
curve,0.211352,-0.814586
curve,0.223009,-0.779821
curve,0.234652,-0.744909
curve,0.24628,-0.710034
curve,0.257894,-0.67537
curve,0.269491,-0.641082
curve,0.281072,-0.607325
curve,0.292635,-0.57424
curve,0.304181,-0.541957
curve,0.315708,-0.510592
curve,0.327215,-0.480249
curve,0.338702,-0.451016
curve,0.350168,-0.42297
curve,0.361613,-0.396174
curve,0.373035,-0.370677
curve,0.384434,-0.346517
curve,0.39581,-0.323719
curve,0.407161,-0.302297
curve,0.418487,-0.282255
curve,0.429787,-0.263586
curve,0.44106,-0.246277
curve,0.452307,-0.230304
curve,0.463525,-0.215637
curve,0.474715,-0.202241
curve,0.485876,-0.190074
curve,0.497007,-0.179092
curve,0.508107,-0.169246
curve,0.519176,-0.160484
curve,0.530212,-0.152752
curve,0.541216,-0.145997
curve,0.552187,-0.140163
curve,0.563123,-0.135195
curve,0.574025,-0.131038
curve,0.584892,-0.127638
curve,0.595722,-0.124943
curve,0.606515,-0.122903
curve,0.617272,-0.121468
curve,0.62799,-0.120592
curve,0.638669,-0.120231
curve,0.649309,-0.120342
curve,0.659909,-0.120887
curve,0.670468,-0.121827
curve,0.680986,-0.12313
curve,0.691462,-0.124763
curve,0.701895,-0.126696
curve,0.712285,-0.128903
curve,0.722631,-0.13136
curve,0.732932,-0.134042
curve,0.743188,-0.136931
curve,0.753398,-0.140007
curve,0.763562,-0.143255
curve,0.773679,-0.146658
curve,0.783748,-0.150203
curve,0.793769,-0.153879
curve,0.80374,-0.157675
curve,0.813662,-0.161581
curve,0.823534,-0.16559
curve,0.833355,-0.169693
curve,0.843125,-0.173884
curve,0.852843,-0.178158
curve,0.862508,-0.18251
curve,0.87212,-0.186935
curve,0.881678,-0.19143
curve,0.891182,-0.195991
curve,0.90063,-0.200615
curve,0.910024,-0.2053
curve,0.919361,-0.210044
curve,0.928641,-0.214845
curve,0.937864,-0.2197
curve,0.947029,-0.22461
curve,0.956136,-0.229572
curve,0.965184,-0.234585
curve,0.974172,-0.239649
curve,0.9831,-0.244762
curve,0.991968,-0.249924
curve,1.00077,-0.255134
curve,1.00952,-0.260391
curve,1.0182,-0.265695
curve,1.02682,-0.271045
curve,1.03538,-0.276441
curve,1.04387,-0.281882
curve,1.0523,-0.287368
curve,1.06066,-0.292898
curve,1.06896,-0.298473
curve,1.07719,-0.30409
curve,1.08535,-0.309751
curve,1.09345,-0.315455
curve,1.10148,-0.321201
curve,1.10945,-0.326989
curve,1.11734,-0.332818
curve,1.12517,-0.338689
curve,1.13292,-0.3446
curve,1.14061,-0.350552
curve,1.14822,-0.356544
curve,1.15577,-0.362576
curve,1.16324,-0.368647
curve,1.17065,-0.374757
curve,1.17798,-0.380906
curve,1.18523,-0.387093
curve,1.19242,-0.393318
curve,1.19953,-0.39958
curve,1.20656,-0.405879
curve,1.21353,-0.412215
curve,1.22041,-0.418587
curve,1.22722,-0.424995
curve,1.23396,-0.431438
curve,1.24062,-0.437917
curve,1.2472,-0.44443
curve,1.25371,-0.450977
curve,1.26014,-0.457558
curve,1.26649,-0.464173
curve,1.27277,-0.470821
curve,1.27896,-0.477501
curve,1.28508,-0.484214
curve,1.29111,-0.490959
curve,1.29707,-0.497734
curve,1.30295,-0.504541
curve,1.30874,-0.511379
curve,1.31446,-0.518246
curve,1.32009,-0.525144
curve,1.32565,-0.53207
curve,1.33112,-0.539026
curve,1.33651,-0.54601
curve,1.34182,-0.553021
curve,1.34704,-0.560061
curve,1.35218,-0.567127
curve,1.35724,-0.574221
curve,1.36221,-0.58134
curve,1.3671,-0.588486
curve,1.37191,-0.595656
curve,1.37663,-0.602852
curve,1.38127,-0.610072
curve,1.38582,-0.617317
curve,1.39028,-0.624584
curve,1.39466,-0.631875
curve,1.39896,-0.639189
curve,1.40317,-0.646525
curve,1.40729,-0.653883
curve,1.41132,-0.661262
curve,1.41527,-0.668662
curve,1.41913,-0.676083
curve,1.4229,-0.683523
curve,1.42658,-0.690983
curve,1.43018,-0.698462
curve,1.43369,-0.70596
curve,1.43711,-0.713475
curve,1.44044,-0.721009
curve,1.44368,-0.72856
curve,1.44684,-0.736127
curve,1.4499,-0.743711
curve,1.45287,-0.75131
curve,1.45576,-0.758925
curve,1.45855,-0.766555
curve,1.46126,-0.774199
curve,1.46388,-0.781857
curve,1.4664,-0.789528
curve,1.46883,-0.797213
curve,1.47118,-0.80491
curve,1.47343,-0.812619
curve,1.47559,-0.820339
curve,1.47766,-0.828071
curve,1.47964,-0.835813
curve,1.48153,-0.843566
curve,1.48333,-0.851328
curve,1.48504,-0.859099
curve,1.48665,-0.866879
curve,1.48817,-0.874667
curve,1.4896,-0.882463
curve,1.49094,-0.890266
curve,1.49219,-0.898076
curve,1.49334,-0.905892
curve,1.49441,-0.913714
curve,1.49538,-0.921541
curve,1.49625,-0.929373
curve,1.49704,-0.937209
curve,1.49773,-0.94505
curve,1.49833,-0.952894
curve,1.49884,-0.96074
curve,1.49926,-0.968589
curve,1.49958,-0.97644
curve,1.49981,-0.984293
curve,1.49995,-0.992146
curve,1.5,-1
curve,1.49995,-1.00785
curve,1.49981,-1.01571
curve,1.49958,-1.02356
curve,1.49926,-1.03141
curve,1.49884,-1.03926
curve,1.49833,-1.04711
curve,1.49773,-1.05495
curve,1.49704,-1.06279
curve,1.49625,-1.07063
curve,1.49538,-1.07846
curve,1.49441,-1.08629
curve,1.49334,-1.09411
curve,1.49219,-1.10192
curve,1.49094,-1.10973
curve,1.4896,-1.11754
curve,1.48817,-1.12533
curve,1.48665,-1.13312
curve,1.48504,-1.1409
curve,1.48333,-1.14867
curve,1.48153,-1.15643
curve,1.47964,-1.16419
curve,1.47766,-1.17193
curve,1.47559,-1.17966
curve,1.47343,-1.18738
curve,1.47118,-1.19509
curve,1.46883,-1.20279
curve,1.4664,-1.21047
curve,1.46388,-1.21814
curve,1.46126,-1.2258
curve,1.45855,-1.23345
curve,1.45576,-1.24108
curve,1.45287,-1.24869
curve,1.4499,-1.25629
curve,1.44684,-1.26387
curve,1.44368,-1.27144
curve,1.44044,-1.27899
curve,1.43711,-1.28652
curve,1.43369,-1.29404
curve,1.43018,-1.30154
curve,1.42658,-1.30902
curve,1.4229,-1.31648
curve,1.41913,-1.32392
curve,1.41527,-1.33134
curve,1.41132,-1.33874
curve,1.40729,-1.34612
curve,1.40317,-1.35347
curve,1.39896,-1.36081
curve,1.39466,-1.36812
curve,1.39028,-1.37542
curve,1.38582,-1.38268
curve,1.38127,-1.38993
curve,1.37663,-1.39715
curve,1.37191,-1.40434
curve,1.3671,-1.41151
curve,1.36221,-1.41866
curve,1.35724,-1.42578
curve,1.35218,-1.43287
curve,1.34704,-1.43994
curve,1.34182,-1.44698
curve,1.33651,-1.45399
curve,1.33112,-1.46097
curve,1.32565,-1.46793
curve,1.32009,-1.47486
curve,1.31446,-1.48175
curve,1.30874,-1.48862
curve,1.30295,-1.49546
curve,1.29707,-1.50227
curve,1.29111,-1.50904
curve,1.28508,-1.51579
curve,1.27896,-1.5225
curve,1.27277,-1.52918
curve,1.26649,-1.53583
curve,1.26014,-1.54244
curve,1.25371,-1.54902
curve,1.2472,-1.55557
curve,1.24062,-1.56208
curve,1.23396,-1.56856
curve,1.22722,-1.57501
curve,1.22041,-1.58141
curve,1.21353,-1.58779
curve,1.20656,-1.59412
curve,1.19953,-1.60042
curve,1.19242,-1.60668
curve,1.18523,-1.61291
curve,1.17798,-1.61909
curve,1.17065,-1.62524
curve,1.16324,-1.63135
curve,1.15577,-1.63742
curve,1.14822,-1.64346
curve,1.14061,-1.64945
curve,1.13292,-1.6554
curve,1.12517,-1.66131
curve,1.11734,-1.66718
curve,1.10945,-1.67301
curve,1.10148,-1.6788
curve,1.09345,-1.68455
curve,1.08535,-1.69025
curve,1.07719,-1.69591
curve,1.06896,-1.70153
curve,1.06066,-1.70711
curve,1.0523,-1.71264
curve,1.04387,-1.71813
curve,1.03538,-1.72357
curve,1.02682,-1.72897
curve,1.0182,-1.73432
curve,1.00952,-1.73963
curve,1.00077,-1.74489
curve,0.991968,-1.75011
curve,0.9831,-1.75528
curve,0.974172,-1.76041
curve,0.965184,-1.76548
curve,0.956136,-1.77051
curve,0.947029,-1.7755
curve,0.937864,-1.78043
curve,0.928641,-1.78532
curve,0.919361,-1.79016
curve,0.910024,-1.79494
curve,0.90063,-1.79968
curve,0.891182,-1.80438
curve,0.881678,-1.80902
curve,0.87212,-1.81361
curve,0.862508,-1.81815
curve,0.852843,-1.82264
curve,0.843125,-1.82708
curve,0.833355,-1.83147
curve,0.823534,-1.83581
curve,0.813662,-1.84009
curve,0.80374,-1.84433
curve,0.793769,-1.84851
curve,0.783748,-1.85264
curve,0.773679,-1.85672
curve,0.763562,-1.86074
curve,0.753398,-1.86471
curve,0.743188,-1.86863
curve,0.732932,-1.8725
curve,0.722631,-1.87631
curve,0.712285,-1.88006
curve,0.701895,-1.88377
curve,0.691462,-1.88741
curve,0.680986,-1.89101
curve,0.670468,-1.89454
curve,0.659909,-1.89803
curve,0.649309,-1.90146
curve,0.638669,-1.90483
curve,0.62799,-1.90814
curve,0.617272,-1.9114
curve,0.606515,-1.91461
curve,0.595722,-1.91775
curve,0.584892,-1.92085
curve,0.574025,-1.92388
curve,0.563123,-1.92686
curve,0.552187,-1.92978
curve,0.541216,-1.93264
curve,0.530212,-1.93544
curve,0.519176,-1.93819
curve,0.508107,-1.94088
curve,0.497007,-1.94351
curve,0.485876,-1.94609
curve,0.474715,-1.9486
curve,0.463525,-1.95106
curve,0.452307,-1.95345
curve,0.44106,-1.95579
curve,0.429787,-1.95807
curve,0.418487,-1.96029
curve,0.407161,-1.96246
curve,0.39581,-1.96456
curve,0.384434,-1.9666
curve,0.373035,-1.96858
curve,0.361613,-1.97051
curve,0.350168,-1.97237
curve,0.338702,-1.97417
curve,0.327215,-1.97592
curve,0.315708,-1.9776
curve,0.304181,-1.97922
curve,0.292635,-1.98079
curve,0.281072,-1.98229
curve,0.269491,-1.98373
curve,0.257894,-1.98511
curve,0.24628,-1.98643
curve,0.234652,-1.98769
curve,0.223009,-1.98889
curve,0.211352,-1.99002
curve,0.199682,-1.9911
curve,0.188,-1.99211
curve,0.176306,-1.99307
curve,0.164601,-1.99396
curve,0.152887,-1.99479
curve,0.141162,-1.99556
curve,0.12943,-1.99627
curve,0.117689,-1.99692
curve,0.10594,-1.9975
curve,0.0941858,-1.99803
curve,0.0824253,-1.99849
curve,0.0706597,-1.99889
curve,0.0588897,-1.99923
curve,0.0471161,-1.99951
curve,0.0353396,-1.99972
curve,0.023561,-1.99988
curve,0.0117809,-1.99997
curve,-1.14857e-15,-2
symmetry,-0.00968623,-1.59993
symmetry,-0.0193704,-1.59974
symmetry,-0.0290503,-1.59941
symmetry,-0.0387241,-1.59895
symmetry,-0.0483896,-1.59836
symmetry,-0.0580447,-1.59764
symmetry,4.2822e-12,0.248612
symmetry,-0.0676876,-1.5968
symmetry,-0.0773162,-1.59583
symmetry,-0.0869286,-1.59473
symmetry,1.14816e-11,0.246878
symmetry,-0.0965229,-1.59351
symmetry,-0.106097,-1.59217
symmetry,1.41095e-12,0.245338
symmetry,-0.115647,-1.59067
symmetry,-0.125172,-1.58904
symmetry,-0.13467,-1.58729
symmetry,2.68122e-12,0.242451
symmetry,-0.14414,-1.58541
symmetry,-0.153581,-1.58343
symmetry,-8.43883e-12,0.240143
symmetry,-0.16299,-1.58133
symmetry,-8.40134e-12,0.238875
symmetry,-0.172366,-1.57913
symmetry,1.08126e-11,0.23753
symmetry,-0.181708,-1.57682
symmetry,1.25152e-11,0.236108
symmetry,-0.191014,-1.57441
symmetry,1.12881e-11,0.23461
symmetry,-0.200283,-1.5719
symmetry,-0.209509,-1.56926
symmetry,1.06171e-11,0.231387
symmetry,-0.21868,-1.56641
symmetry,-3.32639e-12,0.229661
symmetry,-0.227807,-1.56345
symmetry,-0.23689,-1.56041
symmetry,-5.04319e-12,0.225982
symmetry,-0.245928,-1.55728
symmetry,-0.254919,-1.55407
symmetry,-3.80973e-12,0.222
symmetry,-0.263862,-1.55078
symmetry,1.27576e-11,0.219896
symmetry,-0.272757,-1.54741
symmetry,1.22091e-12,0.217717
symmetry,-0.281602,-1.54397
symmetry,8.09475e-12,0.215462
symmetry,-0.290396,-1.54046
symmetry,1.53472e-12,0.213133
symmetry,-0.29911,-1.53671
symmetry,-1.02209e-11,0.210729
symmetry,-0.307759,-1.53283
symmetry,-0.316353,-1.52889
symmetry,4.33298e-12,0.205697
symmetry,-0.324891,-1.5249
symmetry,-0.333373,-1.52085
symmetry,-6.14037e-12,0.200367
symmetry,-0.341797,-1.51675
symmetry,-8.71192e-13,0.197591
symmetry,-0.350164,-1.5126
symmetry,1.63285e-11,0.194741
symmetry,-0.358473,-1.5084
symmetry,-1.07137e-14,0.191818
symmetry,-0.366705,-1.50408
symmetry,-1.01585e-14,0.188821
symmetry,-0.374838,-1.49955
symmetry,1.41992e-12,0.18575
symmetry,-0.38291,-1.49498
symmetry,-0.39092,-1.49038
symmetry,-3.14487e-12,0.17939
symmetry,-0.398867,-1.48574
symmetry,-0.406752,-1.48108
symmetry,-2.43316e-12,0.172739
symmetry,-0.414573,-1.4764
symmetry,3.54161e-14,0.169305
symmetry,-0.42233,-1.47169
symmetry,-1.01341e-12,0.165799
symmetry,-0.429976,-1.46677
symmetry,-7.29572e-12,0.162221
symmetry,-0.437542,-1.46179
symmetry,1.17395e-12,0.158571
symmetry,-0.445041,-1.45679
symmetry,1.05121e-11,0.154849
symmetry,-0.452474,-1.45177
symmetry,1.02472e-11,0.151057
symmetry,-0.459841,-1.44675
symmetry,8.04357e-12,0.147193
symmetry,-0.46714,-1.44172
symmetry,-0.474373,-1.43667
symmetry,-4.18632e-12,0.139254
symmetry,-0.481488,-1.43146
symmetry,-3.66374e-15,0.135179
symmetry,-0.488524,-1.42622
symmetry,-7.58782e-12,0.131034
symmetry,-0.495491,-1.42097
symmetry,4.33087e-12,0.126819
symmetry,-0.50239,-1.41572
symmetry,-5.87863e-13,0.122534
symmetry,-0.509219,-1.41048
symmetry,-2.9976e-15,0.118181
symmetry,-0.515978,-1.40524
symmetry,1.53502e-11,0.113758
symmetry,-0.522653,-1.39996
symmetry,-8.14304e-12,0.109267
symmetry,-0.529219,-1.39457
symmetry,-0.535714,-1.3892
symmetry,-6.58762e-12,0.100079
symmetry,-0.542138,-1.38384
symmetry,-0.548492,-1.37848
symmetry,-4.66294e-15,0.09062
symmetry,-0.554774,-1.37314
symmetry,-2.44249e-15,0.0857894
symmetry,-0.560985,-1.36782
symmetry,7.23677e-12,0.0808918
symmetry,-0.567081,-1.3624
symmetry,-2.46947e-12,0.0759275
symmetry,-0.573104,-1.35699
symmetry,2.93887e-12,0.0708969
symmetry,-0.579055,-1.3516
symmetry,8.79108e-12,0.0658002
symmetry,-0.584934,-1.34623
symmetry,1.80211e-12,0.0606378
symmetry,-0.59074,-1.34088
symmetry,3.40694e-12,0.0554099
symmetry,-0.596474,-1.33555
symmetry,-0.602111,-1.33018
symmetry,3.77576e-12,0.0447592
symmetry,-0.607665,-1.32482
symmetry,-0.613146,-1.31947
symmetry,4.05043e-12,0.0338507
symmetry,-0.618554,-1.31416
symmetry,-1.11552e-11,0.0283006
symmetry,-0.479377,-1.00044
symmetry,-0.479355,-1.00039
symmetry,-0.62389,-1.30887
symmetry,8.82405e-13,0.0226871
symmetry,-0.484671,-1.00034
symmetry,-0.48454,-1.00006
symmetry,-0.629154,-1.30361
symmetry,-1.07991e-12,0.0170106
symmetry,-0.48995,-1.00027
symmetry,-0.489664,-0.999676
symmetry,-0.634334,-1.29836
symmetry,6.32461e-12,0.0112712
symmetry,-0.495203,-1.00021
symmetry,-0.494723,-0.999233
symmetry,-0.639425,-1.2931
symmetry,3.48732e-12,0.00546954
symmetry,-0.500433,-1.00017
symmetry,-0.49973,-0.998761
symmetry,-0.644443,-1.28787
symmetry,-0.505637,-1.00013
symmetry,-0.504668,-0.998229
symmetry,-0.649389,-1.28268
symmetry,-6.96221e-13,-0.00631956
symmetry,-0.510811,-1.00011
symmetry,-0.509544,-0.997657
symmetry,-0.654263,-1.27751
symmetry,-0.515956,-1.00009
symmetry,-0.514366,-0.997059
symmetry,-0.659064,-1.27238
symmetry,1.71219e-12,-0.0183538
symmetry,-0.521072,-1.00007
symmetry,-0.519126,-0.996425
symmetry,-0.663793,-1.26729
symmetry,-1.86362e-12,-0.024462
symmetry,-0.526157,-1.00006
symmetry,-0.523816,-0.995742
symmetry,-0.668432,-1.26219
symmetry,-4.50195e-12,-0.0306303
symmetry,-0.531211,-1.00004
symmetry,-0.528474,-0.995082
symmetry,-0.672997,-1.25713
symmetry,-1.04705e-12,-0.0368584
symmetry,-0.536233,-1.00004
symmetry,-0.533032,-0.994323
symmetry,-0.677491,-1.2521
symmetry,-1.52311e-12,-0.043146
symmetry,-0.541223,-1.00003
symmetry,-0.537543,-0.993565
symmetry,-0.681912,-1.24712
symmetry,-1.13073e-11,-0.0494925
symmetry,-0.54618,-1.00002
symmetry,-0.542013,-0.99282
symmetry,-0.686263,-1.24217
symmetry,-3.85536e-12,-0.0558977
symmetry,-0.551104,-1.00002
symmetry,-0.546391,-0.992
symmetry,-0.690542,-1.23726
symmetry,3.96894e-12,-0.0623612
symmetry,-0.555995,-1.00001
symmetry,-0.550707,-0.99116
symmetry,-0.69475,-1.23239
symmetry,-0.560851,-1.00001
symmetry,-0.554976,-0.990327
symmetry,-0.698872,-1.22754
symmetry,5.50004e-13,-0.0754611
symmetry,-0.565673,-1.00001
symmetry,-0.559197,-0.989502
symmetry,-0.702925,-1.22273
symmetry,-9.77662e-12,-0.0820969
symmetry,-0.570461,-1.00001
symmetry,-0.563312,-0.988589
symmetry,-0.706907,-1.21796
symmetry,9.9587e-13,-0.0887892
symmetry,-0.575213,-1.00001
symmetry,-0.567371,-0.987674
symmetry,-0.710819,-1.21323
symmetry,-5.37059e-12,-0.0955378
symmetry,-0.57993,-1
symmetry,-0.571376,-0.986764
symmetry,-0.714662,-1.20855
symmetry,3.90288e-12,-0.102342
symmetry,-0.584612,-1
symmetry,-0.575329,-0.985859
symmetry,-0.718436,-1.20392
symmetry,5.51381e-12,-0.109202
symmetry,-0.589258,-1
symmetry,-0.579212,-0.984935
symmetry,-0.722141,-1.19933
symmetry,-5.09992e-12,-0.116117
symmetry,-0.593867,-1
symmetry,-0.582999,-0.983954
symmetry,-0.725768,-1.19477
symmetry,2.94786e-12,-0.123086
symmetry,-0.59844,-1
symmetry,-0.586728,-0.982977
symmetry,-0.729325,-1.19026
symmetry,-0.602976,-1
symmetry,-0.590399,-0.982005
symmetry,-0.732814,-1.18579
symmetry,-9.66249e-12,-0.137186
symmetry,-0.607475,-1
symmetry,-0.594011,-0.981037
symmetry,-0.736235,-1.18137
symmetry,-0.611936,-1
symmetry,-0.597566,-0.980075
symmetry,-0.73959,-1.177
symmetry,-5.15654e-12,-0.151499
symmetry,-0.61636,-1
symmetry,-0.601032,-0.97908
symmetry,-0.742878,-1.17268
symmetry,5.41744e-12,-0.158734
symmetry,-0.620745,-1
symmetry,-0.604413,-0.978058
symmetry,-0.746099,-1.16841
symmetry,-5.63993e-13,-0.166022
symmetry,-0.625093,-1
symmetry,-0.607733,-0.977043
symmetry,-0.749255,-1.1642
symmetry,7.06679e-12,-0.17336
symmetry,-0.629402,-1
symmetry,-0.610989,-0.976034
symmetry,-0.752336,-1.16002
symmetry,3.5707e-12,-0.18075
symmetry,-0.633672,-1
symmetry,-0.614183,-0.975032
symmetry,-0.755352,-1.15589
symmetry,-8.88178e-16,-0.18819
symmetry,-0.637903,-1
symmetry,-0.617313,-0.974039
symmetry,-0.758304,-1.15181
symmetry,-0.642094,-1
symmetry,-0.62038,-0.973054
symmetry,-0.761192,-1.14779
symmetry,-6.1815e-12,-0.20322
symmetry,-0.646247,-1
symmetry,-0.623369,-0.972062
symmetry,-0.764016,-1.14382
symmetry,-0.650359,-1
symmetry,-0.62626,-0.97104
symmetry,-0.766778,-1.1399
symmetry,-9.01523e-12,-0.218447
symmetry,-0.654431,-1
symmetry,-0.629084,-0.970028
symmetry,-0.769476,-1.13604
symmetry,-3.91043e-12,-0.226133
symmetry,-0.658463,-1
symmetry,-0.631843,-0.969027
symmetry,-0.772113,-1.13223
symmetry,3.8467e-12,-0.233866
symmetry,-0.662454,-1
symmetry,-0.634534,-0.968038
symmetry,-0.774685,-1.12848
symmetry,3.32179e-13,-0.241647
symmetry,-0.666404,-1
symmetry,-0.637158,-0.967062
symmetry,-0.777192,-1.12477
symmetry,-4.13491e-12,-0.249475
symmetry,-0.670313,-1
symmetry,-0.639715,-0.966099
symmetry,-0.779638,-1.12112
symmetry,4.58811e-12,-0.257349
symmetry,-0.674181,-1
symmetry,-0.642204,-0.965151
symmetry,-0.782024,-1.11753
symmetry,4.14691e-12,-0.265268
symmetry,-0.678007,-1
symmetry,-0.644625,-0.964217
symmetry,-0.784351,-1.11399
symmetry,-2.35412e-12,-0.273234
symmetry,-0.681791,-1
symmetry,-0.646978,-0.963299
symmetry,-0.786619,-1.11051
symmetry,-0.685534,-1
symmetry,-0.649241,-0.962375
symmetry,-0.788829,-1.10709
symmetry,4.31255e-12,-0.289298
symmetry,-0.689234,-1
symmetry,-0.651418,-0.96145
symmetry,-0.790981,-1.10372
symmetry,-0.692891,-1
symmetry,-0.653524,-0.960544
symmetry,-0.793076,-1.10041
symmetry,3.08553e-12,-0.305537
symmetry,-0.696506,-1
symmetry,-0.655561,-0.959656
symmetry,-0.795114,-1.09716
symmetry,-1.59428e-13,-0.313721
symmetry,-0.700078,-1
symmetry,-0.657528,-0.958789
symmetry,-0.797095,-1.09396
symmetry,1.30385e-12,-0.321948
symmetry,-0.703607,-1
symmetry,-0.659425,-0.957942
symmetry,-0.799016,-1.09082
symmetry,-5.828e-12,-0.330217
symmetry,-0.707092,-1
symmetry,-0.661251,-0.957116
symmetry,-0.800884,-1.08774
symmetry,2.67342e-13,-0.338526
symmetry,-0.710533,-1
symmetry,-0.663007,-0.956313
symmetry,-0.802697,-1.08472
symmetry,4.33453e-12,-0.346877
symmetry,-0.713931,-1
symmetry,-0.664692,-0.955533
symmetry,-0.804457,-1.08175
symmetry,-0.717285,-1
symmetry,-0.666307,-0.954777
symmetry,-0.806164,-1.07884
symmetry,-1.86118e-12,-0.363698
symmetry,-0.720595,-1
symmetry,-0.667851,-0.954046
symmetry,-0.80782,-1.076
symmetry,-0.72386,-1
symmetry,-0.669324,-0.95334
symmetry,-0.809424,-1.07321
symmetry,-4.6172e-12,-0.380677
symmetry,-0.72708,-1
symmetry,-0.670726,-0.952661
symmetry,-0.810978,-1.07048
symmetry,-0.730256,-1
symmetry,-0.672057,-0.952008
symmetry,-0.812482,-1.06781
symmetry,2.39342e-12,-0.397808
symmetry,-0.733386,-1
symmetry,-0.673318,-0.951383
symmetry,-0.813937,-1.06519
symmetry,5.97544e-12,-0.40643
symmetry,-0.736471,-1
symmetry,-0.674507,-0.950787
symmetry,-0.815343,-1.06264
symmetry,-1.30629e-12,-0.415088
symmetry,-0.739511,-1
symmetry,-0.67562,-0.950217
symmetry,-0.816701,-1.06015
symmetry,-4.44089e-14,-0.423782
symmetry,-0.742505,-1
symmetry,-0.676644,-0.949663
symmetry,-0.81801,-1.05771
symmetry,7.52731e-14,-0.432512
symmetry,-0.745454,-1
symmetry,-0.677597,-0.949141
symmetry,-0.819272,-1.05533
symmetry,-3.06222e-12,-0.441277
symmetry,-0.748356,-1
symmetry,-0.67848,-0.948652
symmetry,-0.820489,-1.05301
symmetry,-0.751213,-1
symmetry,-0.679292,-0.948197
symmetry,-0.821662,-1.05074
symmetry,-6.66134e-16,-0.458909
symmetry,-0.754023,-1
symmetry,-0.680034,-0.947776
symmetry,-0.822791,-1.04854
symmetry,-0.756786,-1
symmetry,-0.680706,-0.94739
symmetry,-0.823877,-1.04639
symmetry,-2.78444e-12,-0.476675
symmetry,-0.759503,-1
symmetry,-0.681308,-0.947041
symmetry,-0.82492,-1.04431
symmetry,-3.27316e-12,-0.485607
symmetry,-0.762173,-1
symmetry,-0.68184,-0.946728
symmetry,-0.825923,-1.04228
symmetry,-3.59712e-12,-0.494571
symmetry,-0.764796,-1
symmetry,-0.682302,-0.946453
symmetry,-0.826885,-1.0403
symmetry,-1.99574e-12,-0.503565
symmetry,-0.767371,-1
symmetry,-0.682695,-0.946217
symmetry,-0.827808,-1.03839
symmetry,4.81881e-12,-0.51259
symmetry,-0.7699,-1
symmetry,-0.683019,-0.946019
symmetry,-0.828692,-1.03653
symmetry,1.13265e-12,-0.521646
symmetry,-0.77238,-1
symmetry,-0.683274,-0.945862
symmetry,-0.829538,-1.03473
symmetry,4.33453e-12,-0.530731
symmetry,-0.774814,-1
symmetry,-0.68346,-0.945746
symmetry,-0.830346,-1.03298
symmetry,-5.81535e-13,-0.539844
symmetry,-0.777199,-1
symmetry,-0.683578,-0.945671
symmetry,-0.831119,-1.03129
symmetry,4.96247e-12,-0.548986
symmetry,-0.779537,-1
symmetry,-0.683627,-0.945638
symmetry,-0.831856,-1.02965
symmetry,1.78169e-12,-0.558156
symmetry,-0.781826,-1
symmetry,-0.683609,-0.945649
symmetry,-0.832559,-1.02807
symmetry,1.22125e-13,-0.567354
symmetry,-0.784067,-1
symmetry,-0.683524,-0.945703
symmetry,-0.833228,-1.02655
symmetry,-1.84297e-12,-0.576578
symmetry,-0.78626,-1
symmetry,-0.683372,-0.945802
symmetry,-0.833864,-1.02508
symmetry,0,-0.585828
symmetry,-0.788404,-1
symmetry,-0.683153,-0.945947
symmetry,-0.834468,-1.02366
symmetry,-6.75948e-12,-0.595103
symmetry,-0.682869,-0.946137
symmetry,-0.83504,-1.02229
symmetry,3.33245e-12,-0.604404
symmetry,-0.792547,-1
symmetry,-0.682519,-0.946374
symmetry,-0.835583,-1.02097
symmetry,-0.794545,-1
symmetry,-0.682103,-0.946659
symmetry,-0.836097,-1.01971
symmetry,1.71196e-12,-0.623078
symmetry,-0.796494,-1
symmetry,-0.681624,-0.946992
symmetry,-0.836582,-1.0185
symmetry,-4.74998e-12,-0.63245
symmetry,-0.798394,-1
symmetry,-0.68108,-0.947374
symmetry,-0.837041,-1.01734
symmetry,-1.92624e-12,-0.641844
symmetry,-0.800245,-1
symmetry,-0.680473,-0.947805
symmetry,-0.837473,-1.01622
symmetry,-1.70086e-13,-0.651261
symmetry,-0.802046,-1
symmetry,-0.679804,-0.948286
symmetry,-0.83788,-1.01516
symmetry,-2.9885e-12,-0.660699
symmetry,-0.803798,-1
symmetry,-0.679072,-0.948818
symmetry,-0.838262,-1.01414
symmetry,0,-0.670159
symmetry,-0.8055,-1
symmetry,-0.67828,-0.949402
symmetry,-0.83862,-1.01317
symmetry,1.13687e-12,-0.679638
symmetry,-0.807153,-1
symmetry,-0.677427,-0.950038
symmetry,-0.838956,-1.01225
symmetry,-2.79265e-12,-0.689138
symmetry,-0.808755,-1
symmetry,-0.676514,-0.950727
symmetry,-0.83927,-1.01137
symmetry,-2.72449e-12,-0.698656
symmetry,-0.810308,-1
symmetry,-0.675542,-0.951468
symmetry,-0.839564,-1.01054
symmetry,2.6541e-12,-0.708193
symmetry,-0.811811,-1
symmetry,-0.674472,-0.95225
symmetry,-0.839837,-1.00974
symmetry,0,-0.717748
symmetry,-0.813264,-1
symmetry,-0.673337,-0.953084
symmetry,-0.840091,-1.00899
symmetry,-1.13198e-12,-0.727321
symmetry,-0.814667,-1
symmetry,-0.672143,-0.953973
symmetry,-0.840326,-1.00829
symmetry,-2.43539e-12,-0.73691
symmetry,-0.816019,-1
symmetry,-0.67089,-0.954918
symmetry,-0.840544,-1.00762
symmetry,5.72786e-12,-0.746516
symmetry,-0.817321,-1
symmetry,-0.669578,-0.955918
symmetry,-0.840746,-1.00699
symmetry,-4.44089e-16,-0.756137
symmetry,-0.818573,-1
symmetry,-0.668209,-0.956975
symmetry,-0.840932,-1.0064
symmetry,1.17195e-12,-0.765773
symmetry,-0.819774,-1
symmetry,-0.666785,-0.958089
symmetry,-0.841103,-1.00584
symmetry,2.12208e-12,-0.775424
symmetry,-0.820924,-1
symmetry,-0.665305,-0.95926
symmetry,-0.841259,-1.00532
symmetry,2.86104e-12,-0.785089
symmetry,-0.822024,-1
symmetry,-0.663772,-0.960489
symmetry,-0.841403,-1.00484
symmetry,-2.22045e-16,-0.794766
symmetry,-0.823074,-1
symmetry,-0.662186,-0.961777
symmetry,-0.841534,-1.00439
symmetry,1.4766e-13,-0.804457
symmetry,-0.660549,-0.963123
symmetry,-0.841653,-1.00396
symmetry,-2.91323e-13,-0.814159
symmetry,-0.82502,-1
symmetry,-0.658863,-0.964529
symmetry,-0.841762,-1.00357
symmetry,-6.47038e-13,-0.823873
symmetry,-0.825916,-1
symmetry,-0.657128,-0.965993
symmetry,-0.84186,-1.00321
symmetry,4.92939e-14,-0.833598
symmetry,-0.655346,-0.967518
symmetry,-0.841948,-1.00288
symmetry,-0.827557,-1
symmetry,-0.653519,-0.969102
symmetry,-0.842028,-1.00257
symmetry,-1.43352e-12,-0.853078
symmetry,-0.651648,-0.970746
symmetry,-0.8421,-1.00229
symmetry,1.34204e-12,-0.862832
symmetry,-0.828993,-1
symmetry,-0.649735,-0.97245
symmetry,-0.842164,-1.00202
symmetry,1.24989e-12,-0.872594
symmetry,-0.829635,-1
symmetry,-0.647758,-0.974211
symmetry,-0.842222,-1.00178
symmetry,-2.22045e-16,-0.882365
symmetry,-0.830225,-1
symmetry,-0.645636,-0.976019
symmetry,-0.842273,-1.00157
symmetry,1.25944e-12,-0.892142
symmetry,-0.830764,-1
symmetry,-0.643472,-0.97789
symmetry,-0.842319,-1.00136
symmetry,-9.69669e-13,-0.901926
symmetry,-0.831252,-1
symmetry,-0.641267,-0.979822
symmetry,-0.84236,-1.00118
symmetry,-8.75078e-13,-0.911716
symmetry,-0.831689,-1
symmetry,-0.639023,-0.981818
symmetry,-0.842397,-1.00101
symmetry,-7.79377e-14,-0.921512
symmetry,-0.832074,-1
symmetry,-0.636743,-0.983875
symmetry,-0.84243,-1.00085
symmetry,0,-0.931312
symmetry,-0.832408,-1
symmetry,-0.634428,-0.985995
symmetry,-0.842459,-1.00071
symmetry,-5.86198e-13,-0.941117
symmetry,-0.832691,-1
symmetry,-0.63208,-0.988177
symmetry,-0.842485,-1.00058
symmetry,0,-0.950925
symmetry,-0.832922,-1
symmetry,-0.629701,-0.99042
symmetry,-0.84251,-1.00045
symmetry,-2.22045e-16,-0.960737
symmetry,-0.833102,-1
symmetry,-0.627294,-0.992725
symmetry,-0.842532,-1.00033
symmetry,-2.22045e-16,-0.97055
symmetry,-0.62486,-0.99509
symmetry,-0.842552,-1.00022
symmetry,3.88578e-14,-0.980366
symmetry,-0.622402,-0.997515
symmetry,-0.842571,-1.00011
symmetry,0,-0.990183
symmetry,-0.619777,-1
symmetry,-0.84259,-1
symmetry,-0.617069,-1.00255
symmetry,-0.842607,-0.99989
symmetry,2.22045e-16,-1.00982
symmetry,-0.614339,-1.00516
symmetry,-0.842625,-0.999779
symmetry,0,-1.01963
symmetry,-0.611589,-1.00783
symmetry,-0.842642,-0.999663
symmetry,0,-1.02945
symmetry,-0.608821,-1.01056
symmetry,-0.84266,-0.999541
symmetry,0,-1.03926
symmetry,-0.606039,-1.01336
symmetry,-0.842678,-0.999411
symmetry,2.22045e-16,-1.04907
symmetry,-0.603244,-1.01621
symmetry,-0.842696,-0.999272
symmetry,-5.86198e-13,-1.05888
symmetry,-0.600439,-1.01912
symmetry,-0.842715,-0.999122
symmetry,0,-1.06869
symmetry,-0.597626,-1.02209
symmetry,-0.842734,-0.998958
symmetry,0,-1.07849
symmetry,-0.594688,-1.02512
symmetry,-0.842754,-0.998778
symmetry,7.06102e-13,-1.08828
symmetry,-0.59159,-1.02824
symmetry,-0.842775,-0.998582
symmetry,9.69891e-13,-1.09807
symmetry,-0.588489,-1.03141
symmetry,-0.842797,-0.998367
symmetry,0,-1.10786
symmetry,-0.585387,-1.03463
symmetry,-0.842819,-0.998131
symmetry,1.2812e-13,-1.11764
symmetry,-0.582287,-1.03792
symmetry,-0.842842,-0.997872
symmetry,2.22045e-16,-1.12741
symmetry,-0.579193,-1.04125
symmetry,-0.842866,-0.997588
symmetry,-1.34204e-12,-1.13717
symmetry,-0.576105,-1.04464
symmetry,-0.84289,-0.997278
symmetry,-2.54463e-13,-1.14692
symmetry,-0.573026,-1.04808
symmetry,-0.842913,-0.996939
symmetry,-1.93312e-12,-1.15667
symmetry,-0.569824,-1.0516
symmetry,-0.842937,-0.996571
symmetry,4.27214e-13,-1.1664
symmetry,-0.566431,-1.0552
symmetry,-0.842961,-0.99617
symmetry,1.88183e-12,-1.17613
symmetry,-0.563055,-1.05886
symmetry,-0.842984,-0.995735
symmetry,1.78701e-12,-1.18584
symmetry,-0.559699,-1.06257
symmetry,-0.843006,-0.995264
symmetry,0,-1.19554
symmetry,-0.556364,-1.06633
symmetry,-0.843027,-0.994756
symmetry,-1.9571e-12,-1.20523
symmetry,-0.553054,-1.07013
symmetry,-0.843047,-0.994209
symmetry,-2.22045e-16,-1.21491
symmetry,-0.549769,-1.07397
symmetry,-0.843064,-0.99362
symmetry,-2.47025e-12,-1.22458
symmetry,-0.546436,-1.07787
symmetry,-0.843079,-0.992988
symmetry,2.22045e-16,-1.23423
symmetry,-0.542812,-1.0819
symmetry,-0.843092,-0.992311
symmetry,-2.62146e-12,-1.24386
symmetry,-0.539226,-1.08598
symmetry,-0.843101,-0.991587
symmetry,2.22045e-16,-1.25348
symmetry,-0.535678,-1.0901
symmetry,-0.843106,-0.990816
symmetry,2.82863e-12,-1.26309
symmetry,-0.532171,-1.09425
symmetry,-0.843107,-0.989994
symmetry,3.72369e-13,-1.27268
symmetry,-0.528706,-1.09843
symmetry,-0.843103,-0.989121
symmetry,7.00329e-13,-1.28225
symmetry,-0.525284,-1.10264
symmetry,-0.843093,-0.988194
symmetry,7.1676e-13,-1.29181
symmetry,-0.521634,-1.10698
symmetry,-0.843077,-0.987212
symmetry,2.22045e-16,-1.30134
symmetry,-0.517862,-1.11142
symmetry,-0.843058,-0.986172
symmetry,4.90719e-13,-1.31086
symmetry,-0.514147,-1.11588
symmetry,-0.843032,-0.985073
symmetry,-2.22045e-16,-1.32036
symmetry,-0.510491,-1.12036
symmetry,-0.842998,-0.983914
symmetry,2.92499e-12,-1.32984
symmetry,-0.506893,-1.12486
symmetry,-0.842956,-0.982693
symmetry,1.22324e-12,-1.3393
symmetry,-0.503354,-1.12938
symmetry,-0.842905,-0.981409
symmetry,-1.4615e-12,-1.34874
symmetry,-0.499622,-1.13403
symmetry,-0.842843,-0.98006
symmetry,2.52998e-12,-1.35816
symmetry,-0.495723,-1.13879
symmetry,-0.842771,-0.978645
symmetry,-1.44618e-12,-1.36755
symmetry,-0.4919,-1.14357
symmetry,-0.842687,-0.977162
symmetry,8.01581e-13,-1.37692
symmetry,-0.488153,-1.14836
symmetry,-0.842591,-0.97561
symmetry,-8.21831e-12,-1.38627
symmetry,-0.484481,-1.15314
symmetry,-0.842481,-0.973987
symmetry,-1.69664e-12,-1.3956
symmetry,-0.480884,-1.15793
symmetry,-0.842358,-0.972291
symmetry,8.68861e-13,-1.4049
symmetry,-0.476924,-1.16295
symmetry,-0.842219,-0.970523
symmetry,2.50067e-12,-1.41417
symmetry,-0.47297,-1.168
symmetry,-0.842065,-0.96868
symmetry,2.50111e-12,-1.42342
symmetry,-0.469109,-1.17305
symmetry,-0.841893,-0.96676
symmetry,6.49014e-12,-1.43265
symmetry,-0.465341,-1.17809
symmetry,-0.841704,-0.964763
symmetry,-4.58411e-12,-1.44184
symmetry,-0.461662,-1.18311
symmetry,-0.841496,-0.962688
symmetry,1.66733e-12,-1.45101
symmetry,-0.457789,-1.18828
symmetry,-0.841269,-0.960533
symmetry,-1.82698e-12,-1.46016
symmetry,-0.453749,-1.19359
symmetry,-0.841021,-0.958296
symmetry,-8.13127e-13,-1.46927
symmetry,-0.449821,-1.19887
symmetry,-0.840752,-0.955978
symmetry,-1.29941e-12,-1.47835
symmetry,-0.446,-1.20412
symmetry,-0.84046,-0.953577
symmetry,3.76854e-12,-1.48741
symmetry,-0.442285,-1.20934
symmetry,-0.840144,-0.951091
symmetry,1.3276e-12,-1.49643
symmetry,-0.438381,-1.21472
symmetry,-0.839803,-0.94852
symmetry,4.44089e-16,-1.50543
symmetry,-0.434311,-1.22024
symmetry,-0.83944,-0.94586
symmetry,-2.35523e-12,-1.51439
symmetry,-0.430369,-1.22572
symmetry,-0.839062,-0.943106
symmetry,3.89577e-12,-1.52332
symmetry,-0.426551,-1.23114
symmetry,-0.838656,-0.940262
symmetry,-6.86673e-12,-1.53222
symmetry,-0.422851,-1.23652
symmetry,-0.838221,-0.937329
symmetry,-3.45501e-13,-1.54109
symmetry,-0.4188,-1.24217
symmetry,-0.837757,-0.934304
symmetry,4.45044e-12,-1.54992
symmetry,-0.414764,-1.24785
symmetry,-0.837263,-0.931188
symmetry,4.44089e-16,-1.55872
symmetry,-0.410872,-1.25346
symmetry,-0.836737,-0.92798
symmetry,-0.407115,-1.259
symmetry,-0.836178,-0.924678
symmetry,6.66134e-16,-1.57622
symmetry,-0.403281,-1.26462
symmetry,-0.835585,-0.921283
symmetry,-2.05413e-12,-1.58491
symmetry,-0.399189,-1.27048
symmetry,-0.834958,-0.917792
symmetry,4.44089e-16,-1.59357
symmetry,-0.395259,-1.27625
symmetry,-0.834294,-0.914207
symmetry,4.18576e-12,-1.60219
symmetry,-0.391484,-1.28191
symmetry,-0.833593,-0.910525
symmetry,4.10161e-12,-1.61078
symmetry,-0.387763,-1.28756
symmetry,-0.832853,-0.906747
symmetry,9.4369e-14,-1.61932
symmetry,-0.383662,-1.29356
symmetry,-0.832093,-0.902855
symmetry,2.32836e-12,-1.62783
symmetry,-0.379743,-1.29943
symmetry,-0.831297,-0.89886
symmetry,-1.54898e-12,-1.6363
symmetry,-0.375994,-1.30518
symmetry,-0.83046,-0.894766
symmetry,-0.372281,-1.31092
symmetry,-0.829581,-0.890572
symmetry,4.44089e-16,-1.65312
symmetry,-0.36823,-1.317
symmetry,-0.828657,-0.886277
symmetry,-2.26263e-13,-1.66147
symmetry,-0.364377,-1.32292
symmetry,-0.827689,-0.881882
symmetry,1.09623e-12,-1.66978
symmetry,-0.360708,-1.32869
symmetry,-0.826675,-0.877386
symmetry,-2.09011e-12,-1.67805
symmetry,-0.356907,-1.33461
symmetry,-0.825613,-0.872789
symmetry,-1.32938e-12,-1.68628
symmetry,-0.352972,-1.34069
symmetry,-0.824503,-0.86809
symmetry,6.48503e-12,-1.69446
symmetry,-0.34925,-1.34658
symmetry,-0.82336,-0.863272
symmetry,3.55049e-12,-1.7026
symmetry,-0.345723,-1.35229
symmetry,-0.822184,-0.858333
symmetry,-4.16001e-12,-1.7107
symmetry,-0.341758,-1.35847
symmetry,-0.820956,-0.853291
symmetry,1.11022e-15,-1.71876
symmetry,-0.338018,-1.36444
symmetry,-0.819674,-0.848145
symmetry,8.88178e-16,-1.72677
symmetry,-0.334496,-1.37019
symmetry,-0.818339,-0.842895
symmetry,-0.330726,-1.37624
symmetry,-0.816948,-0.837542
symmetry,-4.14047e-12,-1.74265
symmetry,-0.327013,-1.38223
symmetry,-0.8155,-0.832084
symmetry,-2.57527e-12,-1.75053
symmetry,-0.323544,-1.38797
symmetry,-0.813994,-0.826523
symmetry,1.01186e-12,-1.75836
symmetry,-0.31989,-1.39394
symmetry,-0.812474,-0.820806
symmetry,-2.4829e-12,-1.76614
symmetry,-0.316265,-1.39989
symmetry,-0.810894,-0.814984
symmetry,7.37854e-13,-1.77387
symmetry,-0.312907,-1.40553
symmetry,-0.809253,-0.809056
symmetry,-2.45937e-12,-1.78156
symmetry,-0.309301,-1.41148
symmetry,-0.807548,-0.803023
symmetry,7.91367e-13,-1.7892
symmetry,-0.305839,-1.41727
symmetry,-0.80578,-0.796886
symmetry,-9.99201e-13,-1.7968
symmetry,-0.302618,-1.42277
symmetry,-0.803946,-0.790646
symmetry,-0.299061,-1.4287
symmetry,-0.802078,-0.784259
symmetry,6.66134e-16,-1.81184
symmetry,-0.295847,-1.43419
symmetry,-0.800168,-0.777736
symmetry,3.15548e-12,-1.81929
symmetry,-0.29255,-1.4398
symmetry,-0.798187,-0.771109
symmetry,1.55431e-15,-1.82669
symmetry,-0.289331,-1.4453
symmetry,-0.796136,-0.764378
symmetry,-3.22808e-12,-1.83404
symmetry,-0.286289,-1.45057
symmetry,-0.794012,-0.757545
symmetry,8.88178e-16,-1.84134
symmetry,-0.283115,-1.45601
symmetry,-0.791816,-0.750611
symmetry,-1.1795e-12,-1.8486
symmetry,-0.280282,-1.46098
symmetry,-0.789616,-0.743475
symmetry,3.9313e-12,-1.85582
symmetry,-0.277219,-1.46626
symmetry,-0.787339,-0.736238
symmetry,-1.11133e-12,-1.86299
symmetry,-0.274555,-1.47097
symmetry,-0.784984,-0.728901
symmetry,-1.06115e-12,-1.87012
symmetry,-0.271694,-1.47594
symmetry,-0.78255,-0.721465
symmetry,3.51053e-12,-1.87721
symmetry,-0.269176,-1.4804
symmetry,-0.780042,-0.713925
symmetry,2.88436e-12,-1.88426
symmetry,-0.266627,-1.48489
symmetry,-0.777532,-0.706166
symmetry,-8.03468e-12,-1.89128
symmetry,-0.264269,-1.48907
symmetry,-0.774938,-0.698314
symmetry,3.79807e-12,-1.89828
symmetry,-0.262143,-1.49286
symmetry,-0.772258,-0.690369
symmetry,-7.2875e-13,-1.90526
symmetry,-0.260008,-1.49665
symmetry,-0.769493,-0.682335
symmetry,2.28373e-12,-1.91223
symmetry,-0.258165,-1.49995
symmetry,-0.766707,-0.674107
symmetry,-1.5099e-12,-1.91919
symmetry,-0.256585,-1.50279
symmetry,-0.763866,-0.665738
symmetry,-4.62319e-12,-1.92618
symmetry,-0.255069,-1.5055
symmetry,-0.760934,-0.657288
symmetry,-2.64455e-12,-1.93319
symmetry,-0.253841,-1.50771
symmetry,-0.757911,-0.648763
symmetry,7.77156e-16,-1.94026
symmetry,-0.754876,-0.640027
symmetry,4.39593e-12,-1.94741
symmetry,-0.751783,-0.631161
symmetry,-3.47067e-12,-1.95466
symmetry,-0.748594,-0.622236
symmetry,-1.74172e-12,-1.96206
symmetry,-0.74532,-0.613237
symmetry,-7.60836e-13,-1.96965
symmetry,-0.742075,-0.603966
symmetry,-3.15969e-12,-1.97749
symmetry,-0.738729,-0.594661
symmetry,3.28626e-13,-1.98565
symmetry,-0.735285,-0.585332
symmetry,-3.74567e-12,-1.9942
symmetry,-0.731867,-0.575748
symmetry,-1.88971e-12,-2.00325
symmetry,-0.728377,-0.566111
symmetry,-4.05109e-12,-2.01291
symmetry,-0.724788,-0.556489
symmetry,1.20348e-12,-2.02333
symmetry,-0.721241,-0.546613
symmetry,-4.73921e-12,-2.03469
symmetry,-0.717625,-0.536727
symmetry,-1.57308e-12,-2.04717
symmetry,-0.713921,-0.526891
symmetry,1.2742e-12,-2.06105
symmetry,-0.710302,-0.51676
symmetry,-4.63141e-12,-2.07661
symmetry,-0.706583,-0.506757
symmetry,5.55944e-12,-2.09423
symmetry,-0.702879,-0.496662
symmetry,4.13825e-12,-2.11435
symmetry,-0.699181,-0.486521
symmetry,-7.23865e-13,-2.13751
symmetry,-0.695426,-0.476523
symmetry,3.31635e-12,-2.1644
symmetry,-0.691775,-0.466313
symmetry,5.12512e-12,-2.19583
symmetry,-0.688037,-0.456412
symmetry,-2.30604e-12,-2.23287
symmetry,-0.684444,-0.446269
symmetry,-1.01497e-12,-2.27683
symmetry,-0.680782,-0.436502
symmetry,5.23548e-12,-2.32943
symmetry,-0.677271,-0.42656
symmetry,5.33984e-12,-2.39289
symmetry,-0.673713,-0.417069
symmetry,3.03502e-12,-2.47021
symmetry,-0.670341,-0.407399
symmetry,3.34177e-14,-2.56547
symmetry,-0.666952,-0.398247
symmetry,5.00144e-12,-2.68438
symmetry,-0.663739,-0.389053
symmetry,-1.44751e-12,-2.83527
symmetry,-0.660592,-0.380271
symmetry,4.32787e-12,-3.03072
symmetry,-0.657555,-0.371848
symmetry,-0.654696,-0.363559
symmetry,-0.651938,-0.35588
symmetry,-0.649357,-0.348553
symmetry,-0.646967,-0.341542
symmetry,-0.644747,-0.335198
symmetry,-0.642725,-0.329584
symmetry,-0.640934,-0.324293
symmetry,-0.639367,-0.319669
symmetry,-0.638047,-0.315821
symmetry,-0.636995,-0.312785
symmetry,9.37028e-14,2.60525
symmetry,-2.87037e-12,1.96059
symmetry,1.02729e-12,1.52641
symmetry,6.46594e-13,1.21512
symmetry,1.15052e-12,0.981574
symmetry,1.14753e-12,0.800082
symmetry,-1.67422e-12,0.654968
symmetry,5.29576e-14,0.536103
symmetry,-4.20664e-13,0.436647
symmetry,-6.09512e-13,0.35181
symmetry,2.28983e-13,0.278137
symmetry,-2.42029e-14,0.213068
symmetry,1.80411e-13,0.154668
symmetry,-3.77476e-15,0.101447
symmetry,1.62981e-13,0.0522408
symmetry,1.61982e-13,0.00612815
symmetry,-1.62592e-13,-0.0376261
symmetry,1.07248e-13,-0.0796125
symmetry,-5.68434e-14,-0.120306
symmetry,3.41394e-14,-0.160091
symmetry,6.11178e-14,-0.199271
symmetry,-1.59872e-14,-0.23809
symmetry,4.14668e-14,-0.276733
symmetry,-2.76446e-14,-0.315342
symmetry,-3.10307e-14,-0.354013
symmetry,8.86513e-14,-0.392808
symmetry,3.10307e-14,-0.431755
symmetry,-2.16493e-14,-0.470851
symmetry,-8.32667e-15,-0.510068
symmetry,0,-0.54935
symmetry,0,-0.588622
symmetry,-1.54043e-14,-0.627786
symmetry,3.58047e-15,-0.666727
symmetry,-3.14748e-14,-0.705314
symmetry,-3.41116e-14,-0.7434
symmetry,-4.82947e-15,-0.780829
symmetry,-9.52016e-15,-0.817433
symmetry,-1.80689e-14,-0.853037
symmetry,9.15934e-16,-0.887462
symmetry,-2.77556e-17,-0.920525
symmetry,-1.84297e-14,-0.952042
symmetry,-1.80411e-15,-0.981834
symmetry,-8.10463e-15,-1.00972
symmetry,9.22873e-15,-1.03553
symmetry,-1.66533e-16,-1.05911
symmetry,-4.66849e-14,-1.0803
symmetry,-6.20615e-14,-1.09896
symmetry,-5.67602e-15,-1.11497
symmetry,-1.57513e-13,-1.12822
symmetry,-1.15186e-15,-1.13863
symmetry,0.108444,-1.59183
symmetry,0.207541,-1.56986
symmetry,0.292712,-1.53952
symmetry,0.364143,-1.5055
symmetry,0.424242,-1.47052
symmetry,0.475724,-1.43573
symmetry,0.520847,-1.40143
symmetry,0.561284,-1.36756
symmetry,0.598206,-1.33393
symmetry,0.632397,-1.30035
symmetry,0.66436,-1.26667
symmetry,0.694397,-1.2328
symmetry,0.722656,-1.19869
symmetry,0.749166,-1.16431
symmetry,0.773858,-1.12969
symmetry,0.796551,-1.09485
symmetry,0.816902,-1.05978
symmetry,0.83417,-1.02436
symmetry,0.843073,-0.986986
symmetry,0.839519,-0.94644
symmetry,0.83268,-0.905867
symmetry,0.823948,-0.865773
symmetry,0.813965,-0.826415
symmetry,0.803151,-0.787976
symmetry,0.791812,-0.750601
symmetry,0.780199,-0.714414
symmetry,0.768513,-0.679525
symmetry,0.756926,-0.646027
symmetry,0.745584,-0.614001
symmetry,0.734603,-0.583518
symmetry,0.724081,-0.554632
symmetry,0.714094,-0.527391
symmetry,0.704684,-0.501818
symmetry,0.695912,-0.477946
symmetry,0.687785,-0.455776
symmetry,0.680307,-0.435303
symmetry,0.673497,-0.416527
symmetry,0.66732,-0.399414
symmetry,0.661754,-0.383926
symmetry,0.656835,-0.370069
symmetry,0.652496,-0.357773
symmetry,0.64871,-0.346989
symmetry,0.645455,-0.337665
symmetry,0.642793,-0.329853
symmetry,0.640483,-0.323245
symmetry,0.638671,-0.317978
symmetry,0.637329,-0.314008
symmetry,0.675479,-0.951517
symmetry,0.675411,-0.950328
symmetry,0.648143,-0.973886
symmetry,0.648021,-0.962886
symmetry,0.621685,-0.998231
symmetry,0.622499,-0.972365
symmetry,0.596029,-1.0238
symmetry,0.599154,-0.97964
symmetry,0.571171,-1.05019
symmetry,0.578121,-0.985214
symmetry,0.547134,-1.07711
symmetry,0.559432,-0.989455
symmetry,0.523948,-1.10432
symmetry,0.543045,-0.992648
symmetry,0.501652,-1.1316
symmetry,0.528866,-0.995027
symmetry,0.480285,-1.15875
symmetry,0.516774,-0.996772
symmetry,0.459874,-1.1856
symmetry,0.506623,-0.998035
symmetry,0.440455,-1.21197
symmetry,0.49826,-0.99893
symmetry,0.422051,-1.2377
symmetry,0.491529,-0.999549
symmetry,0.404674,-1.26267
symmetry,0.486277,-0.999965
symmetry,0.388346,-1.28673
symmetry,0.482356,-1.00023
symmetry,0.373059,-1.30978
symmetry,0.479624,-1.00039
symmetry,0.358813,-1.33174
symmetry,0.477952,-1.00047
symmetry,0.345624,-1.35245
symmetry,0.477216,-1.0005
symmetry,0.333432,-1.37197
symmetry,0.477306,-1.0005
symmetry,0.322255,-1.39016
symmetry,0.47812,-1.00048
symmetry,0.312066,-1.40698
symmetry,0.479564,-1.00044
symmetry,0.30284,-1.42241
symmetry,0.481559,-1.0004
symmetry,0.294501,-1.43655
symmetry,0.484027,-1.00035
symmetry,0.287077,-1.44925
symmetry,0.486905,-1.00031
symmetry,0.28051,-1.4606
symmetry,0.49013,-1.00027
symmetry,0.274738,-1.47066
symmetry,0.493654,-1.00023
symmetry,0.269714,-1.47948
symmetry,0.49743,-1.00019
symmetry,0.265409,-1.48709
symmetry,0.501415,-1.00016
symmetry,0.261822,-1.49345
symmetry,0.505577,-1.00013
symmetry,0.258836,-1.49878
symmetry,0.509885,-1.00011
symmetry,0.256491,-1.50297
symmetry,0.514311,-1.00009
symmetry,0.254612,-1.50634
symmetry,0.518832,-1.00007
symmetry,0.253295,-1.50871
symmetry,0.523428,-1.00006
symmetry,0.528083,-1.00005
symmetry,0.532781,-1.00004
symmetry,0.537509,-1.00003
symmetry,0.542258,-1.00003
symmetry,0.547017,-1.00002
symmetry,0.551779,-1.00002
symmetry,0.556538,-1.00001
symmetry,0.561287,-1.00001
symmetry,0.566022,-1.00001
symmetry,0.570739,-1.00001
symmetry,0.575435,-1
symmetry,0.580106,-1
symmetry,0.584751,-1
symmetry,0.589368,-1
symmetry,0.593954,-1
symmetry,0.598508,-1
symmetry,0.603029,-1
symmetry,0.607517,-1
symmetry,0.611969,-1
symmetry,0.616385,-1
symmetry,0.620765,-1
symmetry,0.625108,-1
symmetry,0.629414,-1
symmetry,0.633681,-1
symmetry,0.63791,-1
symmetry,0.6421,-1
symmetry,0.646251,-1
symmetry,0.650362,-1
symmetry,0.654433,-1
symmetry,0.658464,-1
symmetry,0.662455,-1
symmetry,0.666405,-1
symmetry,0.670314,-1
symmetry,0.674181,-1
symmetry,0.678007,-1
symmetry,0.681792,-1
symmetry,0.685534,-1
symmetry,0.689234,-1
symmetry,0.692891,-1
symmetry,0.696506,-1
symmetry,0.700078,-1
symmetry,0.703607,-1
symmetry,0.707092,-1
symmetry,0.710533,-1
symmetry,0.713931,-1
symmetry,0.717285,-1
symmetry,0.720595,-1
symmetry,0.72386,-1
symmetry,0.72708,-1
symmetry,0.730256,-1
symmetry,0.733386,-1
symmetry,0.736471,-1
symmetry,0.739511,-1
symmetry,0.742505,-1
symmetry,0.745454,-1
symmetry,0.748356,-1
symmetry,0.751213,-1
symmetry,0.754023,-1
symmetry,0.756786,-1
symmetry,0.759503,-1
symmetry,0.762173,-1
symmetry,0.764796,-1
symmetry,0.767371,-1
symmetry,0.7699,-1
symmetry,0.77238,-1
symmetry,0.774814,-1
symmetry,0.777199,-1
symmetry,0.779537,-1
symmetry,0.781826,-1
symmetry,0.784067,-1
symmetry,0.78626,-1
symmetry,0.788404,-1
symmetry,0.7905,-1
symmetry,0.792547,-1
symmetry,0.794545,-1
symmetry,0.796494,-1
symmetry,0.798394,-1
symmetry,0.800245,-1
symmetry,0.802046,-1
symmetry,0.803798,-1
symmetry,0.8055,-1
symmetry,0.807153,-1
symmetry,0.808755,-1
symmetry,0.810308,-1
symmetry,0.811811,-1
symmetry,0.813264,-1
symmetry,0.814667,-1
symmetry,0.816019,-1
symmetry,0.817321,-1
symmetry,0.818573,-1
symmetry,0.819774,-1
symmetry,0.820924,-1
symmetry,0.822024,-1
symmetry,0.823074,-1
symmetry,0.824072,-1
symmetry,0.82502,-1
symmetry,0.825916,-1
symmetry,0.826762,-1
symmetry,0.827557,-1
symmetry,0.828993,-1
symmetry,0.829635,-1
symmetry,0.830225,-1
symmetry,0.830764,-1
symmetry,0.831252,-1
symmetry,0.831689,-1
symmetry,0.832074,-1
symmetry,0.832408,-1
symmetry,0.832691,-1
symmetry,0.832922,-1
symmetry,0.833102,-1
focal,-1.83697e-16,0.25
focal,-4.01823e-07,0.249885
focal,-3.20835e-06,0.249539
focal,-1.08227e-05,0.248964
focal,-2.59577e-05,0.248144
focal,-5.04594e-05,0.24711
focal,-8.71071e-05,0.245842
focal,-0.000138359,0.24434
focal,-0.000206242,0.242616
focal,-0.000293742,0.240655
focal,-0.000402835,0.238469
focal,-0.000535274,0.236067
focal,-0.000694165,0.233437
focal,-0.000882523,0.23057
focal,-0.0011018,0.227481
focal,-0.00135382,0.224178
focal,-0.00164076,0.220661
focal,-0.00196563,0.216923
focal,-0.0023311,0.212961
focal,-0.00273853,0.208785
focal,-0.00319056,0.204394
focal,-0.00368823,0.199798
focal,-0.00423471,0.194991
focal,-0.00483317,0.189965
focal,-0.00548343,0.184741
focal,-0.00618738,0.179322
focal,-0.00695011,0.173687
focal,-0.00776968,0.167867
focal,-0.0086507,0.161844
focal,-0.00959489,0.155624
focal,-0.0106013,0.149226
focal,-0.0116761,0.142626
focal,-0.0128172,0.13585
focal,-0.0140276,0.128892
focal,-0.0153102,0.12175
focal,-0.0166654,0.114433
focal,-0.0180948,0.106943
focal,-0.0196016,0.0992763
focal,-0.0211847,0.0914482
focal,-0.0228463,0.0834585
focal,-0.0245906,0.0752977
focal,-0.0264133,0.0669942
focal,-0.028322,0.0585239
focal,-0.0303131,0.0499115
focal,-0.0323909,0.0411471
focal,-0.0345532,0.0322482
focal,-0.0368055,0.0232008
focal,-0.039144,0.0140271
focal,-0.041572,0.00472226
focal,-0.0440902,-0.00470945
focal,-0.0467022,-0.0142741
focal,-0.0494039,-0.0239501
focal,-0.0521998,-0.0337466
focal,-0.0550893,-0.0436553
focal,-0.0580733,-0.0536731
focal,-0.0611507,-0.0637901
focal,-0.0643239,-0.074009
focal,-0.0675931,-0.0843247
focal,-0.0709574,-0.0947288
focal,-0.0744169,-0.105217
focal,-0.077975,-0.115794
focal,-0.0816292,-0.126448
focal,-0.0853822,-0.137181
focal,-0.0892296,-0.147978
focal,-0.0931721,-0.158836
focal,-0.0972164,-0.169769
focal,-0.101353,-0.180746
focal,-0.105591,-0.191792
focal,-0.109922,-0.202874
focal,-0.114349,-0.214002
focal,-0.118871,-0.225169
focal,-0.123488,-0.236372
focal,-0.128201,-0.247609
focal,-0.133008,-0.258872
focal,-0.137907,-0.270157
focal,-0.142901,-0.281463
focal,-0.147986,-0.292781
focal,-0.153164,-0.304114
focal,-0.15843,-0.315448
focal,-0.163785,-0.326781
focal,-0.16923,-0.338115
focal,-0.17476,-0.34944
focal,-0.180381,-0.360762
focal,-0.186082,-0.372058
focal,-0.191868,-0.383338
focal,-0.197738,-0.394598
focal,-0.20369,-0.405832
focal,-0.209715,-0.417023
focal,-0.215825,-0.42819
focal,-0.222009,-0.439314
focal,-0.228273,-0.450403
focal,-0.234607,-0.461439
focal,-0.241011,-0.472421
focal,-0.247486,-0.483352
focal,-0.254033,-0.494229
focal,-0.260643,-0.50504
focal,-0.267318,-0.515786
focal,-0.274057,-0.526466
focal,-0.280855,-0.537071
focal,-0.287712,-0.547603
focal,-0.294627,-0.558057
focal,-0.301595,-0.568428
focal,-0.308617,-0.578715
focal,-0.315689,-0.588914
focal,-0.322808,-0.599021
focal,-0.329973,-0.609035
focal,-0.337181,-0.618952
focal,-0.344431,-0.628769
focal,-0.35172,-0.638485
focal,-0.359042,-0.64809
focal,-0.366399,-0.657591
focal,-0.373788,-0.666983
focal,-0.381204,-0.676259
focal,-0.388649,-0.685424
focal,-0.396114,-0.694468
focal,-0.403603,-0.703395
focal,-0.411105,-0.712194
focal,-0.418629,-0.720878
focal,-0.426162,-0.729432
focal,-0.433707,-0.73786
focal,-0.441255,-0.746154
focal,-0.448811,-0.754321
focal,-0.456371,-0.762358
focal,-0.463928,-0.770258
focal,-0.471479,-0.778021
focal,-0.479026,-0.78565
focal,-0.486561,-0.793138
focal,-0.494084,-0.800487
focal,-0.501595,-0.807699
focal,-0.509083,-0.814766
focal,-0.516556,-0.821695
focal,-0.524,-0.828478
focal,-0.531418,-0.835118
focal,-0.53881,-0.841617
focal,-0.546167,-0.847969
focal,-0.55349,-0.854177
focal,-0.560773,-0.86024
focal,-0.568016,-0.866157
focal,-0.575213,-0.871927
focal,-0.582366,-0.877555
focal,-0.58947,-0.883037
focal,-0.59652,-0.888373
focal,-0.603516,-0.893565
focal,-0.610451,-0.898611
focal,-0.617325,-0.903512
focal,-0.624141,-0.908275
focal,-0.630887,-0.912892
focal,-0.637561,-0.917365
focal,-0.644166,-0.921699
focal,-0.650697,-0.925892
focal,-0.657148,-0.929945
focal,-0.663523,-0.933863
focal,-0.669813,-0.937641
focal,-0.676022,-0.941286
focal,-0.682138,-0.944794
focal,-0.688165,-0.94817
focal,-0.694101,-0.951415
focal,-0.699939,-0.954529
focal,-0.705682,-0.957517
focal,-0.711326,-0.960378
focal,-0.716866,-0.963115
focal,-0.722299,-0.965727
focal,-0.72763,-0.968222
focal,-0.732849,-0.970597
focal,-0.737957,-0.972856
focal,-0.742952,-0.975001
focal,-0.74783,-0.977034
focal,-0.752593,-0.978958
focal,-0.757233,-0.980774
focal,-0.761753,-0.982487
focal,-0.766148,-0.984097
focal,-0.770419,-0.985609
focal,-0.774564,-0.987024
focal,-0.778577,-0.988345
focal,-0.782462,-0.989576
focal,-0.786214,-0.990719
focal,-0.789831,-0.991776
focal,-0.793313,-0.992751
focal,-0.796659,-0.993647
focal,-0.799866,-0.994468
focal,-0.802931,-0.995215
focal,-0.805857,-0.995892
focal,-0.808642,-0.996504
focal,-0.811282,-0.997051
focal,-0.813775,-0.997539
focal,-0.816123,-0.99797
focal,-0.818326,-0.998348
focal,-0.820381,-0.998676
focal,-0.822287,-0.998958
focal,-0.824044,-0.999197
focal,-0.82565,-0.999396
focal,-0.827106,-0.99956
focal,-0.828409,-0.99969
focal,-0.829562,-0.999793
focal,-0.830561,-0.999869
focal,-0.831406,-0.999924
focal,-0.8321,-0.999961
focal,-0.832639,-0.999984
focal,-0.833024,-0.999995
focal,-0.833255,-0.999999
focal,-0.833333,-1
focal,-0.833255,-1
focal,-0.833024,-1
focal,-0.832641,-1.00002
focal,-0.8321,-1.00004
focal,-0.831406,-1.00008
focal,-0.830561,-1.00013
focal,-0.829561,-1.00021
focal,-0.828409,-1.00031
focal,-0.827105,-1.00044
focal,-0.82565,-1.0006
focal,-0.824044,-1.0008
focal,-0.822288,-1.00104
focal,-0.820382,-1.00132
focal,-0.818326,-1.00165
focal,-0.816124,-1.00203
focal,-0.813775,-1.00246
focal,-0.811281,-1.00295
focal,-0.808641,-1.0035
focal,-0.805857,-1.00411
focal,-0.802931,-1.00479
focal,-0.799865,-1.00553
focal,-0.796658,-1.00635
focal,-0.793313,-1.00725
focal,-0.789829,-1.00822
focal,-0.786214,-1.00928
focal,-0.782462,-1.01042
focal,-0.778576,-1.01166
focal,-0.774563,-1.01298
focal,-0.770419,-1.01439
focal,-0.766148,-1.0159
focal,-0.761751,-1.01751
focal,-0.757233,-1.01923
focal,-0.75259,-1.02104
focal,-0.747829,-1.02297
focal,-0.742952,-1.025
focal,-0.737957,-1.02714
focal,-0.732847,-1.0294
focal,-0.727631,-1.03178
focal,-0.722303,-1.03427
focal,-0.716866,-1.03689
focal,-0.711327,-1.03962
focal,-0.705683,-1.04248
focal,-0.69994,-1.04547
focal,-0.6941,-1.04859
focal,-0.688165,-1.05183
focal,-0.682138,-1.05521
focal,-0.676021,-1.05871
focal,-0.669815,-1.06236
focal,-0.663524,-1.06614
focal,-0.657152,-1.07005
focal,-0.650696,-1.07411
focal,-0.644165,-1.0783
focal,-0.637562,-1.08263
focal,-0.630884,-1.08711
focal,-0.624139,-1.09173
focal,-0.617327,-1.09649
focal,-0.61045,-1.10139
focal,-0.603514,-1.10644
focal,-0.59652,-1.11163
focal,-0.589469,-1.11696
focal,-0.582366,-1.12245
focal,-0.575214,-1.12807
focal,-0.568016,-1.13384
focal,-0.560774,-1.13976
focal,-0.553489,-1.14582
focal,-0.546166,-1.15203
focal,-0.538809,-1.15838
focal,-0.531419,-1.16488
focal,-0.524001,-1.17152
focal,-0.516555,-1.17831
focal,-0.509088,-1.18523
focal,-0.501596,-1.1923
focal,-0.494086,-1.19951
focal,-0.486564,-1.20686
focal,-0.479029,-1.21435
focal,-0.471484,-1.22197
focal,-0.463933,-1.22974
focal,-0.456379,-1.23763
focal,-0.448821,-1.24567
focal,-0.441272,-1.25383
focal,-0.433727,-1.26212
focal,-0.42619,-1.27054
focal,-0.418666,-1.27908
focal,-0.411155,-1.28775
focal,-0.403665,-1.29654
focal,-0.396199,-1.30544
focal,-0.388759,-1.31445
focal,-0.381351,-1.32357
focal,-0.373977,-1.33279
focal,-0.366644,-1.34211
focal,-0.359361,-1.35152
focal,-0.352129,-1.36101
focal,-0.344962,-1.37056
focal,-0.337863,-1.38017
focal,-0.330848,-1.38982
focal,-0.323926,-1.3995
focal,-0.317112,-1.40917
focal,-0.310425,-1.41882
focal,-0.303886,-1.4284
focal,-0.297518,-1.43788
focal,-0.29135,-1.44721
focal,-0.285419,-1.45632
focal,-0.279764,-1.46514
focal,-0.274433,-1.4736
focal,-0.26948,-1.48157
focal,-0.264971,-1.48895
focal,-0.260982,-1.49559
focal,-0.2576,-1.5013
focal,-0.254916,-1.50591
focal,-0.253044,-1.50918
focal,-0.252098,-1.51086
focal,-0.252211,-1.51065
focal,-0.253516,-1.50825
focal,-0.256156,-1.50332
focal,-0.26027,-1.4955
focal,-0.265997,-1.48442
focal,-0.27345,-1.46975
focal,-0.282731,-1.45114
focal,-0.293903,-1.4283
focal,-0.306985,-1.40104
focal,-0.321941,-1.36922
focal,-0.33868,-1.33286
focal,-0.357044,-1.29206
focal,-0.376807,-1.24712
focal,-0.397689,-1.19844
focal,-0.419358,-1.14657
focal,-0.441447,-1.09216
focal,-0.463574,-1.03596
focal,-0.485357,-0.978731
focal,-0.506439,-0.921265
focal,-0.526495,-0.864312
focal,-0.545251,-0.808559
focal,-0.562489,-0.754613
focal,-0.578051,-0.702977
focal,-0.591836,-0.654055
focal,-0.603797,-0.608149
focal,-0.613937,-0.565465
focal,-0.622301,-0.526134
focal,-0.628966,-0.490213
focal,-0.63404,-0.457713
focal,-0.637655,-0.428605
focal,-0.639962,-0.402834
focal,-0.641128,-0.380331
focal,-0.641341,-0.361023
focal,-0.640806,-0.344839
focal,-0.639746,-0.331718
focal,-0.638411,-0.321609
focal,-0.637078,-0.314478
focal,-0.636056,-0.31031
focal,-0.635697,-0.309108
focal,-0.636396,-0.310896
focal,-0.638607,-0.31572
focal,-0.642842,-0.323646
focal,-0.64969,-0.334763
focal,-0.659815,-0.349183
focal,-0.673978,-0.36704
focal,-0.69304,-0.388495
focal,-0.717976,-0.413736
focal,-0.749894,-0.442983
focal,-0.790046,-0.47649
focal,-0.839856,-0.514557
focal,-0.900946,-0.557535
focal,-0.975179,-0.605849
focal,-1.06471,-0.66001
focal,-1.17209,-0.720653
focal,-1.30036,-0.78858
focal,-1.45326,-0.864827
focal,-1.63551,-0.95077
focal,-1.85328,-1.04828
focal,-2.11496,-1.15998
focal,-2.4324,-1.28969
focal,-2.82318,-1.44317
focal,2.48217,0.0298177
focal,1.87365,-0.199324
focal,1.41274,-0.380838
focal,1.05568,-0.529221
focal,0.776146,-0.653032
focal,0.557207,-0.757592
focal,0.387196,-0.84633
focal,0.257519,-0.921523
focal,0.161396,-0.984707
focal,0.0931181,-1.03693
focal,0.0475894,-1.07892
focal,0.020056,-1.11116
focal,0.00593931,-1.13398
focal,0.000742231,-1.1476
focal,6.66134e-16,-1.15213
focal,-0.000742231,-1.1476
focal,-0.00593931,-1.13398
focal,-0.020056,-1.11116
focal,-0.0475894,-1.07892
focal,-0.0931181,-1.03693
focal,-0.161396,-0.984707
focal,-0.257519,-0.921523
focal,-0.387196,-0.84633
focal,-0.557207,-0.757592
focal,-0.776146,-0.653032
focal,-1.05568,-0.529221
focal,-1.41274,-0.380838
focal,-1.87365,-0.199324
focal,-2.48217,0.0298175
focal,2.82318,-1.44317
focal,2.4324,-1.28969
focal,2.11496,-1.15998
focal,1.85328,-1.04828
focal,1.63551,-0.95077
focal,1.45325,-0.864827
focal,1.30036,-0.78858
focal,1.17209,-0.720653
focal,1.06471,-0.66001
focal,0.975179,-0.605849
focal,0.900946,-0.557535
focal,0.839856,-0.514557
focal,0.790046,-0.47649
focal,0.749894,-0.442983
focal,0.717976,-0.413736
focal,0.69304,-0.388495
focal,0.673978,-0.36704
focal,0.659815,-0.349183
focal,0.64969,-0.334763
focal,0.642842,-0.323646
focal,0.638607,-0.31572
focal,0.636396,-0.310896
focal,0.635697,-0.309108
focal,0.636056,-0.31031
focal,0.637078,-0.314478
focal,0.638411,-0.321609
focal,0.639746,-0.331718
focal,0.640806,-0.344839
focal,0.641341,-0.361023
focal,0.641128,-0.38033
focal,0.639962,-0.402834
focal,0.637655,-0.428605
focal,0.63404,-0.457714
focal,0.628966,-0.490213
focal,0.622301,-0.526134
focal,0.613937,-0.565466
focal,0.603797,-0.608149
focal,0.591836,-0.654055
focal,0.578051,-0.702977
focal,0.562489,-0.754612
focal,0.545251,-0.808559
focal,0.526494,-0.864312
focal,0.506438,-0.921266
focal,0.485357,-0.978732
focal,0.463573,-1.03596
focal,0.441447,-1.09216
focal,0.419358,-1.14657
focal,0.39769,-1.19844
focal,0.376807,-1.24712
focal,0.357043,-1.29206
focal,0.338681,-1.33285
focal,0.32194,-1.36922
focal,0.306984,-1.40104
focal,0.293903,-1.4283
focal,0.282733,-1.45113
focal,0.273451,-1.46975
focal,0.265997,-1.48443
focal,0.260271,-1.4955
focal,0.256156,-1.50332
focal,0.253516,-1.50825
focal,0.25221,-1.51065
focal,0.252099,-1.51085
focal,0.253045,-1.50918
focal,0.254916,-1.50591
focal,0.2576,-1.5013
focal,0.260984,-1.49559
focal,0.264973,-1.48895
focal,0.26948,-1.48157
focal,0.274432,-1.4736
focal,0.279762,-1.46515
focal,0.285418,-1.45632
focal,0.291352,-1.4472
focal,0.297518,-1.43788
focal,0.303886,-1.4284
focal,0.310425,-1.41882
focal,0.317112,-1.40917
focal,0.323926,-1.3995
focal,0.330846,-1.38983
focal,0.337863,-1.38017
focal,0.344963,-1.37056
focal,0.35213,-1.361
focal,0.35936,-1.35152
focal,0.366644,-1.34211
focal,0.373977,-1.33279
focal,0.38135,-1.32357
focal,0.388758,-1.31445
focal,0.396199,-1.30544
focal,0.403667,-1.29653
focal,0.411156,-1.28775
focal,0.418665,-1.27908
focal,0.426189,-1.27054
focal,0.433724,-1.26212
focal,0.441272,-1.25383
focal,0.448824,-1.24567
focal,0.456379,-1.23763
focal,0.463932,-1.22974
focal,0.471482,-1.22198
focal,0.479029,-1.21435
focal,0.486564,-1.20686
focal,0.494088,-1.19951
focal,0.501595,-1.1923
focal,0.509086,-1.18523
focal,0.516554,-1.17831
focal,0.524001,-1.17152
focal,0.531421,-1.16488
focal,0.538809,-1.15838
focal,0.546167,-1.15203
focal,0.55349,-1.14582
focal,0.560775,-1.13976
focal,0.568017,-1.13384
focal,0.575214,-1.12807
focal,0.582369,-1.12244
focal,0.589469,-1.11696
focal,0.59652,-1.11163
focal,0.603515,-1.10644
focal,0.610454,-1.10139
focal,0.617325,-1.09649
focal,0.624139,-1.09173
focal,0.630886,-1.08711
focal,0.637562,-1.08263
focal,0.644165,-1.0783
focal,0.650698,-1.07411
focal,0.657151,-1.07005
focal,0.663525,-1.06614
focal,0.669814,-1.06236
focal,0.676018,-1.05872
focal,0.682138,-1.05521
focal,0.688167,-1.05183
focal,0.694102,-1.04858
focal,0.69994,-1.04547
focal,0.705681,-1.04248
focal,0.711326,-1.03962
focal,0.716865,-1.03689
focal,0.7223,-1.03427
focal,0.727629,-1.03178
focal,0.732848,-1.0294
focal,0.737958,-1.02714
focal,0.742953,-1.025
focal,0.747831,-1.02297
focal,0.752592,-1.02104
focal,0.757233,-1.01923
focal,0.761753,-1.01751
focal,0.766148,-1.0159
focal,0.77042,-1.01439
focal,0.774563,-1.01298
focal,0.778578,-1.01165
focal,0.782464,-1.01042
focal,0.786214,-1.00928
focal,0.789831,-1.00822
focal,0.793312,-1.00725
focal,0.796659,-1.00635
focal,0.799865,-1.00553
focal,0.802933,-1.00479
focal,0.805857,-1.00411
focal,0.808641,-1.0035
focal,0.811282,-1.00295
focal,0.813774,-1.00246
focal,0.816123,-1.00203
focal,0.818326,-1.00165
focal,0.820382,-1.00132
focal,0.822289,-1.00104
focal,0.824044,-1.0008
focal,0.82565,-1.0006
focal,0.827106,-1.00044
focal,0.828409,-1.00031
focal,0.829561,-1.00021
focal,0.830561,-1.00013
focal,0.831408,-1.00008
focal,0.8321,-1.00004
focal,0.832639,-1.00002
focal,0.833024,-1
focal,0.833255,-1
focal,0.833333,-1
focal,0.833255,-0.999999
focal,0.833025,-0.999995
focal,0.832641,-0.999984
focal,0.8321,-0.999961
focal,0.831406,-0.999924
focal,0.830561,-0.999869
focal,0.829562,-0.999793
focal,0.82841,-0.999691
focal,0.827104,-0.999559
focal,0.82565,-0.999396
focal,0.824045,-0.999197
focal,0.822287,-0.998958
focal,0.820381,-0.998676
focal,0.818326,-0.998348
focal,0.816123,-0.99797
focal,0.813775,-0.997539
focal,0.811281,-0.997051
focal,0.808641,-0.996503
focal,0.805858,-0.995892
focal,0.802932,-0.995215
focal,0.799865,-0.994468
focal,0.796658,-0.993647
focal,0.793313,-0.992751
focal,0.789831,-0.991776
focal,0.786214,-0.990719
focal,0.782461,-0.989576
focal,0.778577,-0.988345
focal,0.774563,-0.987024
focal,0.770419,-0.985609
focal,0.766148,-0.984097
focal,0.761753,-0.982487
focal,0.757233,-0.980774
focal,0.752592,-0.978957
focal,0.747829,-0.977033
focal,0.742952,-0.975001
focal,0.737958,-0.972856
focal,0.732849,-0.970597
focal,0.727631,-0.968222
focal,0.722302,-0.965729
focal,0.716866,-0.963115
focal,0.711325,-0.960378
focal,0.705684,-0.957518
focal,0.699941,-0.95453
focal,0.694101,-0.951415
focal,0.688164,-0.94817
focal,0.682139,-0.944795
focal,0.67602,-0.941285
focal,0.669814,-0.937642
focal,0.663523,-0.933862
focal,0.657151,-0.929947
focal,0.650698,-0.925893
focal,0.644167,-0.921699
focal,0.637562,-0.917365
focal,0.630886,-0.912891
focal,0.624139,-0.908273
focal,0.617325,-0.903512
focal,0.610451,-0.898611
focal,0.603516,-0.893565
focal,0.596521,-0.888373
focal,0.589471,-0.883037
focal,0.582367,-0.877555
focal,0.575214,-0.871928
focal,0.568015,-0.866156
focal,0.560771,-0.860238
focal,0.55349,-0.854177
focal,0.546169,-0.84797
focal,0.53881,-0.841617
focal,0.531421,-0.835121
focal,0.524,-0.828478
focal,0.516555,-0.821695
focal,0.509083,-0.814766
focal,0.501596,-0.8077
focal,0.494087,-0.80049
focal,0.486559,-0.793136
focal,0.479024,-0.785648
focal,0.471479,-0.778021
focal,0.463924,-0.770255
focal,0.456371,-0.762358
focal,0.448812,-0.754323
focal,0.441259,-0.746158
focal,0.433707,-0.73786
focal,0.426162,-0.729432
focal,0.418628,-0.720877
focal,0.411108,-0.712198
focal,0.403602,-0.703394
focal,0.396116,-0.69447
focal,0.388649,-0.685424
focal,0.381206,-0.676262
focal,0.373788,-0.666983
focal,0.366401,-0.657594
focal,0.359042,-0.64809
focal,0.351718,-0.638482
focal,0.34443,-0.628768
focal,0.337181,-0.618952
focal,0.329972,-0.609034
focal,0.322808,-0.599021
focal,0.315689,-0.588914
focal,0.308617,-0.578715
focal,0.301597,-0.568431
focal,0.294628,-0.558058
focal,0.287711,-0.547602
focal,0.280857,-0.537074
focal,0.274057,-0.526467
focal,0.267319,-0.515787
focal,0.260645,-0.505043
focal,0.254032,-0.494227
focal,0.247486,-0.483352
focal,0.24101,-0.47242
focal,0.234604,-0.461434
focal,0.228272,-0.4504
focal,0.222013,-0.43932
focal,0.215829,-0.428197
focal,0.209717,-0.417027
focal,0.203686,-0.405824
focal,0.197738,-0.394598
focal,0.191868,-0.383338
focal,0.186084,-0.372062
focal,0.180381,-0.360762
focal,0.174761,-0.349443
focal,0.169227,-0.338111
focal,0.163784,-0.326779
focal,0.158429,-0.315445
focal,0.153161,-0.304107
focal,0.147987,-0.292783
focal,0.142901,-0.281463
focal,0.137907,-0.270156
focal,0.133008,-0.258872
focal,0.128202,-0.247611
focal,0.12349,-0.236376
focal,0.11887,-0.225168
focal,0.114349,-0.214002
focal,0.109918,-0.202865
focal,0.105591,-0.19179
focal,0.101355,-0.180753
focal,0.0972164,-0.169769
focal,0.0931721,-0.158836
focal,0.0892276,-0.147973
focal,0.0853822,-0.137181
focal,0.0816295,-0.126448
focal,0.077976,-0.115797
focal,0.0744193,-0.105224
focal,0.0709576,-0.0947293
focal,0.0675922,-0.0843216
focal,0.0643243,-0.0740102
focal,0.0611503,-0.063789
focal,0.058075,-0.0536786
focal,0.0550893,-0.0436553
focal,0.0522028,-0.0337571
focal,0.0494041,-0.0239506
focal,0.0467042,-0.0142814
focal,0.0440914,-0.00471394
focal,0.0415712,0.0047252
focal,0.039144,0.0140271
focal,0.0368044,0.0232048
focal,0.0345522,0.0322523
focal,0.0323909,0.0411471
focal,0.0303131,0.0499115
focal,0.028322,0.0585239
focal,0.0264142,0.0669904
focal,0.0245907,0.0752973
focal,0.0228482,0.0834499
focal,0.0211864,0.09144
focal,0.0196024,0.0992721
focal,0.0180972,0.106931
focal,0.0166654,0.114433
focal,0.015311,0.121745
focal,0.0140276,0.128892
focal,0.0128163,0.135854
focal,0.0116753,0.14263
focal,0.0106028,0.149217
focal,0.00959418,0.155629
focal,0.00865067,0.161845
focal,0.00776971,0.167867
focal,0.00694882,0.173697
focal,0.00618736,0.179323
focal,0.00548343,0.184741
focal,0.0048326,0.18997
focal,0.00423523,0.194987
focal,0.00368823,0.199798
focal,0.00318954,0.204404
focal,0.00273903,0.20878
focal,0.00233063,0.212966
focal,0.00196563,0.216923
focal,0.00164076,0.220661
focal,0.00135383,0.224178
focal,0.00110144,0.227486
focal,0.000882523,0.23057
focal,0.000694165,0.233437
focal,0.000534989,0.236072
focal,0.000402835,0.238469
focal,0.000293506,0.24066
focal,0.000206242,0.242616
focal,0.000138359,0.24434
focal,8.74202e-05,0.245832
focal,5.04594e-05,0.24711
focal,2.59577e-05,0.248144
focal,1.08227e-05,0.248964
focal,3.20835e-06,0.249539
focal,4.01823e-07,0.249885
focal,-1.14857e-15,0.25
