birth,death,center_index,dimension
0.626524574012806,0.6405156867329378,0,0
0.35986251833164323,0.7586519487886444,0,0
0.6794506656629418,0.7586519487886444,0,1
0.6263373227256275,0.6405494609851299,1,0
0.3599083390207625,0.7586519487886444,1,0
0.6791059622411113,0.7586519487886444,1,1
0.6261407208329665,0.6405726015601063,2,0
0.3599629082211824,0.7586519487886444,2,0
0.6787606650658599,0.7586519487886444,2,1
0.625934880962423,0.6405870403276651,3,0
0.3600250269752492,0.7586519487886444,3,0
0.6784151142575676,0.7586519487886444,3,1
0.6257201109222025,0.6405919012043064,4,0
0.36009811049406293,0.7586519487886444,4,0
0.6780696507061221,0.7586519487886444,4,1
0.6254966848996654,0.6405860927838851,5,0
0.36018208000266694,0.7586519487886444,5,0
0.677724615736325,0.7586519487886444,5,1
0.6252648594688797,0.6405696297102469,6,0
0.360276845053186,0.7586519487886444,6,0
0.6773803507708145,0.7586519487886444,6,1
0.625024772377974,0.6405453005732205,7,0
0.360382303647344,0.7586519487886444,7,0
0.6770371969908254,0.7586519487886444,7,1
0.6247767379385325,0.6405103407993725,8,0
0.3604983423742553,0.7586519487886444,8,0
0.6766954949951183,0.7586519487886444,8,1
0.6245211151168405,0.6404647831523556,9,0
0.36062483656316996,0.7586519487886444,9,0
0.676355584457421,0.7586519487886444,9,1
0.6242580607496087,0.640410313987987,10,0
0.3607616504508235,0.7586519487886444,10,0
0.6760178037827328,0.7586519487886444,10,1
0.6239878803958858,0.6403462589611152,11,0
0.3609086373630075,0.7586519487886444,11,0
0.675682489762854,0.7586519487886444,11,1
0.6237110017453608,0.6402717476824928,12,0
0.361065639909953,0.7586519487886444,12,0
0.6753499772315129,0.7586519487886444,12,1
0.6234274376565401,0.6401879741081855,13,0
0.3612324901950866,0.7586519487886444,13,0
0.6750206428532936,0.7586519487886444,13,1
0.6231377999926494,0.6400951282821028,14,0
0.36140901003669745,0.7586519487886444,14,0
0.6746948427946945,0.7586519487886444,14,1
0.6228421464865351,0.6399920437800665,15,0
0.3615919507268386,0.7586519487886444,15,0
0.6743728437848857,0.7586519487886444,15,1
0.622541009895846,0.6398798081655925,16,0
0.36178211134579497,0.7586519487886444,16,0
0.6740549692711835,0.7586519487886444,16,1
0.6222344765724075,0.6397587169881175,17,0
0.3619814639012322,0.7586519487886444,17,0
0.6737415390152437,0.7586519487886444,17,1
0.6219231208188409,0.6396276802405053,18,0
0.3621897966456386,0.7586519487886444,18,0
0.6734329785163916,0.7586519487886444,18,1
0.6216069984488468,0.6394878968869169,19,0
0.36240688867505155,0.7586519487886444,19,0
0.6731295445096366,0.7586519487886444,19,1
0.6212866453347212,0.6393393401575141,20,0
0.3626325102119585,0.7586519487886444,20,0
0.6728314981417112,0.7586519487886444,20,1
0.6209623737600248,0.6391812053937981,21,0
0.3628664228976539,0.7586519487886444,21,0
0.6725391643930589,0.7586519487886444,21,1
0.6206343432260061,0.6390149024090304,22,0
0.3631083800934625,0.7586519487886444,22,0
0.6722529858153383,0.7586519487886444,22,1
0.6203030776663451,0.6388398873571954,23,0
0.3633581271902376,0.7586519487886444,23,0
0.6719730920001576,0.7586519487886444,23,1
0.6199688990781214,0.638655734500852,24,0
0.363615401925531,0.7586519487886444,24,0
0.6716997872578223,0.7586519487886444,24,1
0.6196320734470345,0.6384640773883183,25,0
0.3638799347078342,0.7586519487886444,25,0
0.6714335295989874,0.7586519487886444,25,1
0.6192929158026192,0.6382638309467743,26,0
0.3641514489472819,0.7586519487886444,26,0
0.6711743986012962,0.7586519487886444,26,1
0.618951851096263,0.638055039630528,27,0
0.3644296613922178,0.7586519487886444,27,0
0.6709227524307664,0.7586519487886444,27,1
0.6186092130426385,0.637839261351382,28,0
0.3647142824710145,0.7586519487886444,28,0
0.670678904972595,0.7586519487886444,28,1
0.6182653374501873,0.6376152213327704,29,0
0.3650050166385559,0.7586519487886444,29,0
0.6704429623085298,0.7586519487886444,29,1
0.6179205619003874,0.637383420926552,30,0
0.3653015627267831,0.7586519487886444,30,0
0.670215404898707,0.7586519487886444,30,1
0.6284397878175627,0.6284518792266165,31,0
0.6175752254231476,0.637144867509498,31,0
0.36560361429872523,0.7586519487886444,31,0
0.669996255347888,0.7586519487886444,31,1
0.6284193532641061,0.6284597227221767,32,0
0.6172296681686047,0.6368986725219594,32,0
0.36591086000543366,0.7586519487886444,32,0
0.669785883914788,0.7586519487886444,32,1
0.6283832342141413,0.6284613070693273,33,0
0.6168842310756056,0.6366454238450512,33,0
0.3662229839452586,0.7586519487886444,33,0
0.6695844541186997,0.7586519487886444,33,1
0.6283324670415809,0.6284556580721105,34,0
0.6165392555371746,0.636385861869301,34,0
0.36653966602491184,0.7586519487886444,34,0
0.6693921852253367,0.7586519487886444,34,1
0.628267673216054,0.6284422565775044,35,0
0.6161950830632703,0.6361193398803409,35,0
0.3668583986932671,0.7586519487886444,35,0
0.6692093285407634,0.7586519487886444,35,1
0.6281893165442777,0.6284207464922196,36,0
0.6158520549411558,0.6358463587559672,36,0
0.3671809541135105,0.7586519487886444,36,0
0.6690360010255694,0.7586519487886444,36,1
0.628097787841913,0.6283908964017603,37,0
0.6155105118937108,0.635567735751856,37,0
0.3675072814024286,0.7586519487886444,37,0
0.6688724934881569,0.7586519487886444,37,1
0.6279934252920004,0.6283525206801797,38,0
0.6151707937360292,0.6352828912569789,38,0
0.3678370489074417,0.7586519487886444,38,0
0.6687188644765,0.7586519487886444,38,1
0.62787653983017,0.6283054971075714,39,0
0.6148331980542192,0.634992098197802,39,0
0.3681699223838353,0.7586519487886444,39,0
0.6685754011057145,0.7586519487886444,39,1
0.6277474264772477,0.6282497105494487,40,0
0.6144979752797308,0.6346964724463929,40,0
0.3685055653564789,0.7586519487886444,40,0
0.6684421423865031,0.7586519487886444,40,1
0.6276064007584088,0.628185094899035,41,0
0.6141655667671757,0.6343954722319648,41,0
0.36884363948013665,0.7586519487886444,41,0
0.6683193338566281,0.7586519487886444,41,1
0.6274537465711849,0.6281115970866155,42,0
0.6138363054004922,0.6340893305973987,42,0
0.3691838048979348,0.7586519487886444,42,0
0.6682070286483627,0.7586519487886444,42,1
0.6272897703467115,0.6280291819468496,43,0
0.6135104165212086,0.6337785085163977,43,0
0.36952572059756866,0.7586519487886444,43,0
0.6681053983481083,0.7586519487886444,43,1
0.627114768866231,0.6279378520432877,44,0
0.6131881858787538,0.6334636660318133,44,0
0.36986904476485155,0.7586519487886444,44,0
0.6680145384764654,0.7586519487886444,44,1
0.6269290565038189,0.627837588781921,45,0
0.6128700634766677,0.6331445337946293,45,0
0.3702134351342256,0.7586519487886444,45,0
0.6679345199774198,0.7586519487886444,45,1
0.6267329149971332,0.6277284053545465,46,0
0.6125561910551379,0.632821420500157,46,0
0.37055854933587656,0.7586519487886444,46,0
0.6678655034839044,0.7586519487886444,46,1
0.6265266979509073,0.6276103336283742,47,0
0.612246931409702,0.6324946391672487,47,0
0.37090404523911075,0.7586519487886444,47,0
0.667807438435463,0.7586519487886444,47,1
0.6263106973527633,0.6274834114885489,48,0
0.6119426337663274,0.6321648072736084,48,0
0.37124958129167457,0.7586519487886444,48,0
0.6677605676338711,0.7586519487886444,48,1
0.6260852481016883,0.6273476828030896,49,0
0.6116434078430342,0.6318320866104968,49,0
0.37159481685471357,0.7586519487886444,49,0
0.6677247103175522,0.7586519487886444,49,1
0.625850689171286,0.6272031973836026,50,0
0.6113497655588249,0.631496610302195,50,0
0.3719394125330897,0.7586519487886444,50,0
0.6677001840938871,0.7586519487886444,50,1
0.6256073360177992,0.6270500647771471,51,0
0.6110617093554038,0.6311587052945576,51,0
0.37228303050079165,0.7586519487886444,51,0
0.6676867431999646,0.7586519487886444,51,1
0.6253555598343129,0.6268883160068629,52,0
0.6107797675882072,0.63081870142529,52,0
0.3726253348211931,0.7586519487886444,52,0
0.6676846130152333,0.7586519487886444,52,1
0.6250956991772172,0.6267180859572549,53,0
0.6105039774995449,0.6304769311139923,53,0
0.3729659917619313,0.7586519487886444,53,0
0.667693645326867,0.7586519487886444,53,1
0.6248281076107947,0.6265394350626736,54,0
0.6102347417112718,0.6301337290477239,54,0
0.3733046701041968,0.7586519487886444,54,0
0.6677139202534423,0.7586519487886444,54,1
0.6245531220296469,0.6263524905508989,55,0
0.6099722700101305,0.6297894318623346,55,0
0.3736410414462402,0.7586519487886444,55,0
0.6677453837194355,0.7586519487886444,55,1
0.624271124155604,0.6261573900955593,56,0
0.6097167018169942,0.6294443778198163,56,0
0.37397478050092,0.7586519487886444,56,0
0.6677879770390358,0.7586519487886444,56,1
0.6239824727779736,0.6259542388344901,57,0
0.60946844852619,0.6290989064819463,57,0
0.3743055653871338,0.7586519487886444,57,0
0.667841730971964,0.7586519487886444,57,1
0.6236875360273159,0.6257431764334459,58,0
0.6092275654424599,0.6287533583805005,58,0
0.3746330779149845,0.7586519487886444,58,0
0.6679064606008542,0.7586519487886444,58,1
0.6233866736974429,0.6255243487262583,59,0
0.608994316674867,0.6284080746843284,59,0
0.37495700386455516,0.7586519487886444,59,0
0.6679822663574889,0.7586519487886444,59,1
0.6230802437235782,0.6252979076084693,60,0
0.6087690014686558,0.6280633968635917,60,0
0.37527624528575,0.7586519487886444,60,0
0.6680688557374937,0.7586519487886444,60,1
0.6227686595606697,0.6250640442002127,61,0
0.6085517371015027,0.6277196663514821,61,0
0.37558944932727895,0.7586519487886444,61,0
0.6681663778766256,0.7586519487886444,61,1
0.6224522340404699,0.6248229055375574,62,0
0.6083426452691104,0.6273772242037409,62,0
0.37589797541443376,0.7586519487886444,62,0
0.6682744573255602,0.7586519487886444,62,1
0.6221313825849668,0.6245746572897551,63,0
0.6081420453883037,0.6270364107563197,63,0
0.37620153094915465,0.7586519487886444,63,0
0.6683932652349441,0.7586519487886444,63,1
0.6218064698023639,0.6243195219041775,64,0
0.6079501056076144,0.6266975652815271,64,0
0.37649982873962684,0.7586519487886444,64,0
0.6685223737468267,0.7586519487886444,64,1
0.6214778596896573,0.624057672424103,65,0
0.607766948020552,0.6263610256430205,65,0
0.3767925872346034,0.7586519487886444,65,0
0.668661943727672,0.7586519487886444,65,1
0.6211459211117534,0.6237893254471247,66,0
0.607592645836135,0.6260271279500097,66,0
0.3770795307507669,0.7586519487886444,66,0
0.6688115312099592,0.7586519487886444,66,1
0.6208110274325626,0.6235146703658908,67,0
0.607427474255285,0.6256962721812969,67,0
0.3773603896931005,0.7586519487886444,67,0
0.6689712490042676,0.7586519487886444,67,1
0.6204735561387525,0.6232339758659504,68,0
0.6072715713516862,0.6253691920379132,68,0
0.37763490076825024,0.7586519487886444,68,0
0.6691406789364045,0.7586519487886444,68,1
0.6201338481017024,0.6229474228867189,69,0
0.6071250674246453,0.6250457981140682,69,0
0.37790280719086167,0.7586519487886444,69,0
0.6693198426795048,0.7586519487886444,69,1
0.6197922819471098,0.62265525465762,70,0
0.6069880848735738,0.6247264155309629,70,0
0.37816385888289006,0.7586519487886444,70,0
0.6695083951743241,0.7586519487886444,70,1
0.6194492097255968,0.6223577196052017,71,0
0.6068606810172019,0.6244113658756993,71,0
0.37841781266588037,0.7586519487886444,71,0
0.6697062187522381,0.7586519487886444,71,1
0.6191050082082566,0.622055071151625,72,0
0.6067429719018396,0.6241016428929403,72,0
0.37866443244622816,0.7586519487886444,72,0
0.6699130939992299,0.7586519487886444,72,1
0.6187600001471955,0.621747567507879,73,0
0.6066351096798317,0.6237970137486537,73,0
0.37890348939342894,0.7586519487886444,73,0
0.6701287107880352,0.7586519487886444,73,1
0.6184145420113246,0.6214354714618249,74,0
0.606537183546154,0.6234977056377186,74,0
0.37913476211133756,0.7586519487886444,74,0
0.6703530328552417,0.7586519487886444,74,1
0.6180689895282178,0.621119050161164,75,0
0.6064492742834637,0.6232045487763633,75,0
0.37935803680245417,0.7586519487886444,75,0
0.6705855995146859,0.7586519487886444,75,1
0.6177236838442288,0.6207985748914436,76,0
0.6063714541883186,0.6229177678063774,76,0
0.37957310742526434,0.7586519487886444,76,0
0.6708263207867239,0.7586519487886444,76,1
0.617378934199962,0.6204743208492158,77,0
0.6063037870064342,0.6226372480133343,77,0
0.379779775844659,0.7586519487886444,77,0
0.6710748946306047,0.7586519487886444,77,1
0.6170350920840316,0.6201465669104709,78,0
0.6062463278770706,0.6223640087621372,78,0
0.37997785197546563,0.7586519487886444,78,0
0.67133096756374,0.7586519487886444,78,1
0.6166925038264821,0.619815666744835,79,0
0.6061991232866405,0.6220980184468586,79,0
0.38016703881690755,0.7586519487886444,79,0
0.6715944613389294,0.7586519487886444,79,1
0.61635144038374,0.6194818481257941,80,0
0.6061622110316061,0.6218391710912126,80,0
0.38034235857399407,0.7586519487886444,80,0
0.6718649565670681,0.7586519487886444,80,1
0.616012275921377,0.6191454624309681,81,0
0.6061355731378586,0.6215890199551322,81,0
0.38050847757178213,0.7586519487886444,81,0
0.6721421378042793,0.7586519487886444,81,1
0.6156752496925187,0.6188067824240919,82,0
0.606119265431196,0.6213465787317063,82,0
0.38066524401958574,0.7586519487886444,82,0
0.6724258608961171,0.7586519487886444,82,1
0.6153407196067093,0.6184661742396762,83,0
0.6061133123073377,0.6211128013201888,83,0
0.3808125148498471,0.7586519487886444,83,0
0.6727157505754303,0.7586519487886444,83,1
0.6150089725351352,0.6181239070680297,84,0
0.6061177160231738,0.6208879836973124,84,0
0.3809501558173466,0.7586519487886444,84,0
0.6730114539084678,0.7586519487886444,84,1
0.6146802935484099,0.6177803162096761,85,0
0.6061324700957006,0.6206717555109148,85,0
0.3810780415917875,0.7586519487886444,85,0
0.6733126778671629,0.7586519487886444,85,1
0.6143549656455236,0.6174357633046409,86,0
0.6061575593218549,0.6204657105487248,86,0
0.38119605584379057,0.7586519487886444,86,0
0.6736192642026598,0.7586519487886444,86,1
0.6140332694829758,0.617090556098773,87,0
0.6061929598077164,0.6202686093580227,87,0
0.3813040913243315,0.7586519487886444,87,0
0.6739307413427584,0.7586519487886444,87,1
0.6137154831043821,0.6167450282808253,88,0
0.6062386390070323,0.6200819040588135,88,0
0.38140204993765503,0.7586519487886444,88,0
0.6742467953341768,0.7586519487886444,88,1
0.6134018816708554,0.6163995205926769,89,0
0.6062945557689959,0.6199050838894579,89,0
0.3814898428076923,0.7586519487886444,89,0
0.6745671080578757,0.7586519487886444,89,1
0.6130927069739593,0.616054374329313,90,0
0.6063606603952,0.6197385089631525,90,0
0.3815673903380143,0.7586519487886444,90,0
0.674891389213469,0.7586519487886444,90,1
0.6127882111973229,0.6157099432521732,91,0
0.606436894705671,0.6195829233047833,91,0
0.38163462226534367,0.7586519487886444,91,0
0.675219358249231,0.7586519487886444,91,1
0.6124886714538893,0.6153665896921483,92,0
0.6065231921138777,0.619437263582249,92,0
0.38168823445130645,0.7586519487886444,92,0
0.6755505996838215,0.7586519487886444,92,1
0.6121942860547873,0.6150246340556829,93,0
0.60661947771059,0.6193037650230305,93,0
0.38172917570142156,0.7586519487886444,93,0
0.6758847820524825,0.7586519487886444,93,1
0.6119053163485244,0.6146844191528144,94,0
0.6067256021896187,0.619180528260372,94,0
0.38175962877929154,0.7586519487886444,94,0
0.6762215714432445,0.7586519487886444,94,1
0.6116219956511998,0.6143463622958992,95,0
0.6068415171366818,0.6190689924022028,95,0
0.3817795661439769,0.7586519487886444,95,0
0.67656063184172,0.7586519487886444,95,1
0.6113445227647175,0.614010733681541,96,0
0.6069671397561155,0.618968911439881,96,0
0.38178896976812454,0.7586519487886444,96,0
0.6769016254760346,0.7586519487886444,96,1
0.6110731056733981,0.6136779753787819,97,0
0.6071023622391216,0.6188796989410358,97,0
0.38178783114993353,0.7586519487886444,97,0
0.6772442131615117,0.7586519487886444,97,1
0.6108079663325329,0.6133483781951943,98,0
0.6072470690030661,0.6188034169707496,98,0
0.381776151318794,0.7586519487886444,98,0
0.6775880546447356,0.7586519487886444,98,1
0.6105493014857554,0.6130223110595165,99,0
0.607401136825674,0.6187379446208028,99,0
0.3817539408346054,0.7586519487886444,99,0
0.67793280894663,0.7586519487886444,99,1
0.6102973034435665,0.6127001594031481,100,0
0.607564434986862,0.6186847087957634,100,0
0.3817212197807704,0.7586519487886444,100,0
0.6782781347041938,0.7586519487886444,100,1
0.6100521308078637,0.6123822637359679,101,0
0.6077367896830403,0.6186437271340849,101,0
0.381678017750862,0.7586519487886444,101,0
0.6786236905105476,0.7586519487886444,101,1
0.6098139795348072,0.6120689730901067,102,0
0.6079179774360947,0.6186137346735153,102,0
0.38162437382896003,0.7586519487886444,102,0
0.6789691352529555,0.7586519487886444,102,1
0.6095830317460527,0.61176064203733,103,0
0.6081079487750157,0.6185969563335642,103,0
0.38155724829743587,0.7586519487886444,103,0
0.6793141284484978,0.7586519487886444,103,1
0.6093594256916421,0.6114576291247958,104,0
0.6083065439590144,0.6185919226213346,104,0
0.38147774663190975,0.7586519487886444,104,0
0.6796583305770731,0.7586519487886444,104,1
0.6091433178788055,0.6111603021467157,105,0
0.6085135965707591,0.6185979375594319,105,0
0.3813880140440772,0.7586519487886444,105,0
0.6800014034114329,0.7586519487886444,105,1
0.6089348596120759,0.610868980448068,106,0
0.6087288524064765,0.6186174536290773,106,0
0.3812881318995407,0.7586519487886444,106,0
0.6803430103439463,0.7586519487886444,106,1
0.6087341959189801,0.6105840076537257,107,0
0.6089520839062583,0.6186486748463899,107,0
0.38117819083264737,0.7586519487886444,107,0
0.6806828167098167,0.7586519487886444,107,1
0.6085414197234009,0.6103057690728686,108,0
0.6091832213206947,0.618690881071211,108,0
0.38105829068530805,0.7586519487886444,108,0
0.6810204901064756,0.7586519487886444,108,1
0.6083566867473311,0.6100345577584574,109,0
0.6094220728579459,0.6187456758137874,109,0
0.380928540439346,0.7586519487886444,109,0
0.6813557007088887,0.7586519487886444,109,1
0.6081801019322776,0.6097707281897328,110,0
0.6096682471723692,0.6188131288259899,110,0
0.3807890581423445,0.7586519487886444,110,0
0.6816881215805294,0.7586519487886444,110,1
0.6080117650415157,0.6095146323446601,111,0
0.6099216587158554,0.6188913778101682,111,0
0.3806399708269643,0.7586519487886444,111,0
0.6820174289797708,0.7586519487886444,111,1
0.6078517705322982,0.6092665744541963,112,0
0.6101821594115807,0.6189803414656585,112,0
0.3804814144236982,0.7586519487886444,112,0
0.6823433356395273,0.7586519487886444,112,1
0.6077002074320954,0.6090268823947872,113,0
0.6104492964295476,0.6190824865244875,113,0
0.3803135336670278,0.7586519487886444,113,0
0.6826655817740664,0.7586519487886444,113,1
0.6075571592190417,0.6087958739527932,114,0
0.6107230087009867,0.6191963291931177,114,0
0.3801349181982571,0.7586519487886444,114,0
0.6829837751217873,0.7586519487886444,114,1
0.607422673343022,0.6085738754114455,115,0
0.6110030509966774,0.6193205330251004,115,0
0.3799446266786332,0.7586519487886444,115,0
0.6832976075435035,0.7586519487886444,115,1
0.6072968209628036,0.6083611989319727,116,0
0.6112890101188958,0.6194549692527553,116,0
0.3797455809009221,0.7586519487886444,116,0
0.68360677554182,0.7586519487886444,116,1
0.6071796533662297,0.6081581195086408,117,0
0.6115808978762138,0.6195996250236459,117,0
0.3795379636849723,0.7586519487886444,117,0
0.6839110449132163,0.7586519487886444,117,1
0.6070712121250862,0.6079649777644114,118,0
0.6118780994208095,0.619758272353933,118,0
0.37932196602228924,0.7586519487886444,118,0
0.6842101630999764,0.7586519487886444,118,1
0.6069714967281491,0.6077820442449696,119,0
0.6121807314622528,0.6199266324490138,119,0
0.3790977869385988,0.7586519487886444,119,0
0.6845037459008901,0.7586519487886444,119,1
0.6068805469113662,0.6076096100958469,120,0
0.612488135489545,0.6201045313169193,120,0
0.3788656333495493,0.7586519487886444,120,0
0.6847915108884611,0.7586519487886444,120,1
0.6067983626304101,0.6074479615865761,121,0
0.6128003737968982,0.6202917852640251,121,0
0.3786257199095213,0.7586519487886444,121,0
0.6850733003883981,0.7586519487886444,121,1
0.6067249197602905,0.6072973848540931,122,0
0.6131169091448148,0.6204882011100408,122,0
0.3783782688535147,0.7586519487886444,122,0
0.6853488105549513,0.7586519487886444,122,1
0.606660194315067,0.6071581691099522,123,0
0.6134375834765511,0.6206935764133483,123,0
0.37812350983208554,0.7586519487886444,123,0
0.6856177004599093,0.7586519487886444,123,1
0.606604147965847,0.6070305840159416,124,0
0.6137621521243025,0.6209104869617288,124,0
0.37786167973930973,0.7586519487886444,124,0
0.6858797921734356,0.7586519487886444,124,1
0.6065567111568344,0.6069149101879369,125,0
0.6140900647065234,0.6211377618204087,125,0
0.3775930225337508,0.7586519487886444,125,0
0.6861349039193467,0.7586519487886444,125,1
0.6065177904794982,0.6068114378959483,126,0
0.6144212566138308,0.6213732054224766,126,0
0.37731778905241886,0.7586519487886444,126,0
0.6863826515104675,0.7586519487886444,126,1
0.6064872701003834,0.6067204688189725,127,0
0.6147553959654931,0.621616576266559,127,0
0.37703623681770515,0.7586519487886444,127,0
0.6866229090358822,0.7586519487886444,127,1
0.6064649769499848,0.6066423405903812,128,0
0.6150920449822902,0.6218676250119309,128,0
0.3767478581868856,0.7586519487886444,128,0
0.6868554760920325,0.7586519487886444,128,1
0.6064507024091752,0.6065773915240359,129,0
0.6154309155518863,0.622126094761893,129,0
0.37645191739808365,0.7586519487886444,129,0
0.6870799993136155,0.7586519487886444,129,1
0.6064441088244141,0.6065260627158925,130,0
0.6157717502208953,0.6223917213544028,130,0
0.376150596594654,0.7586519487886444,130,0
0.6872964708382413,0.7586519487886444,130,1
0.6064447420921344,0.606488935319241,131,0
0.6161142096471205,0.6226642336595251,131,0
0.375844180565843,0.7586519487886444,131,0
0.6875045427047788,0.7586519487886444,131,1
0.6064517561312966,0.6064669223937804,132,0
0.6164579534390838,0.6229433538832482,132,0
0.3755329596090243,0.7586519487886444,132,0
0.6877040383139778,0.7586519487886444,132,1
0.6168026405000293,0.6232287978772222,133,0
0.37521722929141627,0.7586519487886444,133,0
0.6878948933330223,0.7586519487886444,133,1
0.6171479293703567,0.6235202754539634,134,0
0.3748972902049054,0.7586519487886444,134,0
0.6880767298544206,0.7586519487886444,134,1
0.6174934785681375,0.623817490707077,135,0
0.3745734477140253,0.7586519487886444,135,0
0.6882496416683503,0.7586519487886444,135,1
0.6178389469273766,0.6241201423360415,136,0
0.3742460116971599,0.7586519487886444,136,0
0.6884132297402892,0.7586519487886444,136,1
0.6181839939336968,0.6244279239751074,137,0
0.37391529628104436,0.7586519487886444,137,0
0.6885675085998433,0.7586519487886444,137,1
0.6185282800571317,0.6247405245258595,138,0
0.3735816195686544,0.7586519487886444,138,0
0.6887122487653735,0.7586519487886444,138,1
0.6188714670817257,0.6250576284929977,139,0
0.37324530336058326,0.7586519487886444,139,0
0.6888473495440857,0.7586519487886444,139,1
0.6192132184316523,0.625378916322895,140,0
0.37290667287002355,0.7586519487886444,140,0
0.6889727121080815,0.7586519487886444,140,1
0.6195531994935708,0.6257040647444932,141,0
0.37256605643148266,0.7586519487886444,141,0
0.6890881580994502,0.7586519487886444,141,1
0.6198910779349545,0.626032747112108,142,0
0.37222378520337507,0.7586519487886444,142,0
0.6891936848096971,0.7586519487886444,142,1
0.6202263397310703,0.6263646337497162,143,0
0.37188019286465157,0.7586519487886444,143,0
0.6892890692421964,0.7586519487886444,143,1
0.6205588070232199,0.6266993922963062,144,0
0.3715356153056427,0.7586519487886444,144,0
0.6893743747364874,0.7586519487886444,144,1
0.6208881674130837,0.6270394484824261,145,0
0.3711903903133065,0.7586519487886444,145,0
0.6894493620610745,0.7586519487886444,145,1
0.6212139437607015,0.6273813623570856,146,0
0.3708448572510906,0.7586519487886444,146,0
0.6895141350788903,0.7586519487886444,146,1
0.6215358428965995,0.6277246831437024,147,0
0.3704993567336377,0.7586519487886444,147,0
0.6895684620277812,0.7586519487886444,147,1
0.6218536541147711,0.6280690699974105,148,0
0.37015423029657646,0.7586519487886444,148,0
0.6896124663854275,0.7586519487886444,148,1
0.622166752455966,0.628414181577138,149,0
0.36980982006166385,0.7586519487886444,149,0
0.6896459428011759,0.7586519487886444,149,1
0.6224751411226721,0.6287596763867733,150,0
0.36946646839756025,0.7586519487886444,150,0
0.6896690181295181,0.7586519487886444,150,1
0.6227781817787387,0.6291052131142514,151,0
0.3691245175765386,0.7586519487886444,151,0
0.6896815275636871,0.7586519487886444,151,1
0.623075860927854,0.6294504509682276,152,0
0.3687843094274477,0.7586519487886444,152,0
0.6896835898078585,0.7586519487886444,152,1
0.6233675106201079,0.6297950500120235,153,0
0.3684461849852713,0.7586519487886444,153,0
0.6896750898887859,0.7586519487886444,153,1
0.6236531271637336,0.6301386714945374,154,0
0.36811048413763897,0.7586519487886444,154,0
0.6896561315694618,0.7586519487886444,154,1
0.623932222669198,0.6304809781778237,155,0
0.3677775452686698,0.7586519487886444,155,0
0.6896266541388298,0.7586519487886444,155,1
0.6242045176894957,0.6308216346610576,156,0
0.3674477049005471,0.7586519487886444,156,0
0.6895867443748608,0.7586519487886444,156,1
0.6244698175655683,0.6311603077006155,157,0
0.367121297333236,0.7586519487886444,157,0
0.6895363953929635,0.7586519487886444,157,1
0.6247276936699556,0.6314980070699443,158,0
0.3667986542827859,0.7586519487886444,158,0
0.6894756796853562,0.7586519487886444,158,1
0.624977886039654,0.6318351890618789,159,0
0.3664801045186656,0.7586519487886444,159,0
0.6894046389051611,0.7586519487886444,159,1
0.6252202005600793,0.6321698399447873,160,0
0.3661659735006049,0.7586519487886444,160,0
0.6893233386825863,0.7586519487886444,160,1
0.6254543559215456,0.6325016337369099,161,0
0.36585658301543106,0.7586519487886444,161,0
0.6892318590928584,0.7586519487886444,161,1
0.6256800144147893,0.6328302477477155,162,0
0.36555225081440246,0.7586519487886444,162,0
0.6891302710190679,0.7586519487886444,162,1
0.625896920397009,0.6331553628766275,163,0
0.36525329025156267,0.7586519487886444,163,0
0.689018678057039,0.7586519487886444,163,1
0.6261049018508867,0.6334766639065388,164,0
0.3649600099236464,0.7586519487886444,164,0
0.6888971731007806,0.7586519487886444,164,1
0.6263037195177649,0.633793839791914,165,0
0.36467064204708516,0.7586519487886444,165,0
0.6887658636350584,0.7586519487886444,165,1
0.6264931453913654,0.6341065839412949,166,0
0.36438672272923417,0.7586519487886444,166,0
0.6886248859033183,0.7586519487886444,166,1
0.6266729629089206,0.634414594494028,167,0
0.3641092447186576,0.7586519487886444,167,0
0.6884743269879646,0.7586519487886444,167,1
0.6268429671308402,0.6347175745910495,168,0
0.36383849689816705,0.7586519487886444,168,0
0.6883143923236166,0.7586519487886444,168,1
0.6270029649089015,0.6350152326395683,169,0
0.3635747617921612,0.7586519487886444,169,0
0.6881451197245942,0.7586519487886444,169,1
0.6271527750429513,0.6353072825715009,170,0
0.3633183152253581,0.7586519487886444,170,0
0.6879668140698324,0.7586519487886444,170,1
0.6272922024561931,0.6355934440955157,171,0
0.36306942598685454,0.7586519487886444,171,0
0.6877794305653226,0.7586519487886444,171,1
0.6274211200476029,0.6358734429425607,172,0
0.36282835550010983,0.7586519487886444,172,0
0.6875834080925842,0.7586519487886444,172,1
0.6275393873042425,0.6361470111047473,173,0
0.36259535749946464,0.7586519487886444,173,0
0.6873786573107609,0.7586519487886444,173,1
0.6276468713135295,0.6364138870674829,174,0
0.3623706777137938,0.7586519487886444,174,0
0.6871655625614759,0.7586519487886444,174,1
0.6277434517250172,0.6366738160347404,175,0
0.36215455355790205,0.7586519487886444,175,0
0.6869442057515769,0.7586519487886444,175,1
0.6278290208388156,0.6369265501473704,176,0
0.3619472138322584,0.7586519487886444,176,0
0.6867147923916411,0.7586519487886444,176,1
0.6279034836825625,0.6371718486943628,177,0
0.36174887843166575,0.7586519487886444,177,0
0.6864776451102153,0.7586519487886444,177,1
0.6279667580769677,0.6374094783169743,178,0
0.36155975806344903,0.7586519487886444,178,0
0.6862328078962608,0.7586519487886444,178,1
0.6280187746899443,0.6376392132056431,179,0
0.3613785171583086,0.7586519487886444,179,0
0.6859806719992044,0.7586519487886444,179,1
0.6280594770793543,0.6378608352896199,180,0
0.36120382208865975,0.7586519487886444,180,0
0.6857213864564653,0.7586519487886444,180,1
0.6280888173855994,0.638076526526335,181,0
0.3610388312408548,0.7586519487886444,181,0
0.685455125532188,0.7586519487886444,181,1
0.6281067550206065,0.6382860452581928,182,0
0.3608837208580805,0.7586519487886444,182,0
0.6851823229351077,0.7586519487886444,182,1
0.62811328709605,0.6384869514360346,183,0
0.3607386568552672,0.7586519487886444,183,0
0.6849030818475146,0.7586519487886444,183,1
0.6281084097174005,0.638679055008196,184,0
0.36060379459984027,0.7586519487886444,184,0
0.6846176411905751,0.7586519487886444,184,1
0.6280921319153023,0.6388621744152503,185,0
0.3604792787054734,0.7586519487886444,185,0
0.6843264037584578,0.7586519487886444,185,1
0.6280644756199729,0.6390361367389528,186,0
0.3603652428393,0.7586519487886444,186,0
0.6840295659519118,0.7586519487886444,186,1
0.6280254756244025,0.6392007778435606,187,0
0.36026180954301723,0.7586519487886444,187,0
0.6837273597024782,0.7586519487886444,187,1
0.6279751795363818,0.6393559425094985,188,0
0.360169090068285,0.7586519487886444,188,0
0.6834200782266631,0.7586519487886444,188,1
0.6279136477193878,0.6395051292137139,189,0
0.36008718422680047,0.7586519487886444,189,0
0.6831081604621999,0.7586519487886444,189,1
0.6278409532223603,0.6396450719700978,190,0
0.3600161802553873,0.7586519487886444,190,0
0.6827917542268609,0.7586519487886444,190,1
0.6277571816984023,0.6397751804362417,191,0
0.3599520002853598,0.7586519487886444,191,0
0.6824711657517193,0.7586519487886444,191,1
0.6276624313124374,0.6398953322467246,192,0
0.35989750403740783,0.7586519487886444,192,0
0.6821467057472148,0.7586519487886444,192,1
0.6275568126378598,0.6400054144654078,193,0
0.3598540789670511,0.7586519487886444,193,0
0.681818707770367,0.7586519487886444,193,1
0.627440446672613,0.6401063859418119,194,0
0.3598217719444016,0.7586519487886444,194,0
0.6814875505170177,0.7586519487886444,194,1
0.627313427151739,0.6401997133002417,195,0
0.359800617850815,0.7586519487886444,195,0
0.6811534676589711,0.7586519487886444,195,1
0.6271759344966125,0.6402827186885898,196,0
0.35979063953124946,0.7586519487886444,196,0
0.6808167848328294,0.7586519487886444,196,1
0.6270281270249555,0.6403553242190846,197,0
0.3597918477630383,0.7586519487886444,197,0
0.680477830692486,0.7586519487886444,197,1
0.6268701747974156,0.640417461787015,198,0
0.3598042412411515,0.7586519487886444,198,0
0.6801369366000403,0.7586519487886444,198,1
0.626702259449499,0.6404713104555773,199,0
0.35982780657998076,0.7586519487886444,199,0
0.6797944363122751,0.7586519487886444,199,1
